Date,Time,1RSS(dB),2RSS(dB),RQly(%),RSNR(dB),RxBt(V),Curr(A),Capa(mAh),Ptch(rad),Roll(rad),Yaw(rad),GPS,GSpd(kmh),Hdg(°),Alt(m),VSpd(m/s),FM,Sats,TxBat(V),Rud,Ele,Thr,Ail
2024-09-15,14:23:00.000,-45,-51,100,14,12.60,7.0,2,0.0000,0.0000,1.5708,42.067000 -94.850000,0.0,90,0.0,0.00,MANU,12,7.8,0,0,-1024,0
2024-09-15,14:23:01.000,-46,-51,100,14,12.62,7.0,4,0.0000,0.0000,1.5708,42.067000 -94.850000,0.0,90,0.0,0.00,MANU,12,7.8,0,0,-1024,0
2024-09-15,14:23:02.000,-47,-50,100,14,12.63,7.0,6,0.0000,0.0000,1.5708,42.067000 -94.850000,0.0,90,0.0,0.00,MANU,12,7.8,0,0,-1024,0
2024-09-15,14:23:03.000,-47,-49,100,14,12.63,7.0,8,0.0000,0.0000,1.5708,42.067000 -94.850000,0.0,90,0.0,0.00,MANU,12,7.8,0,0,-1024,0
2024-09-15,14:23:04.000,-48,-48,100,14,12.61,7.0,10,0.0000,0.0000,1.5708,42.067000 -94.850000,0.0,90,0.0,0.00,MANU,12,7.8,0,0,-1024,0
2024-09-15,14:23:05.000,-48,-47,100,14,12.58,7.0,12,0.0000,0.0000,1.5708,42.067000 -94.850000,0.0,90,0.0,0.00,MANU,12,7.8,0,0,-1024,0
2024-09-15,14:23:06.000,-48,-46,100,14,12.54,7.0,14,0.0000,0.0000,1.5708,42.067000 -94.850000,0.0,90,0.0,0.00,MANU,12,7.8,0,0,-1024,0
2024-09-15,14:23:07.000,-48,-45,100,14,12.51,7.0,16,0.0000,0.0000,1.5708,42.067000 -94.850000,0.0,90,0.0,0.00,MANU,12,7.8,0,0,-1024,0
2024-09-15,14:23:08.000,-47,-45,100,14,12.50,7.0,18,0.0000,0.0000,1.5708,42.067000 -94.850000,0.0,90,0.0,0.00,ANGL,12,7.8,0,0,200,0
2024-09-15,14:23:09.000,-46,-45,100,14,12.51,8.7,20,0.0000,0.0000,1.5708,42.067000 -94.849972,8.3,90,0.0,0.00,ANGL,12,7.8,0,0,200,0
2024-09-15,14:23:10.000,-46,-46,100,14,12.52,10.3,23,0.0000,0.0000,1.5708,42.067000 -94.849916,16.7,90,0.0,0.00,ANGL,12,7.8,0,0,200,0
2024-09-15,14:23:11.000,-45,-47,100,14,12.55,12.0,26,0.0000,0.0000,1.5708,42.067000 -94.849832,25.0,90,0.0,0.00,ANGL,12,7.8,0,0,200,0
2024-09-15,14:23:12.000,-44,-49,99,14,12.56,13.7,30,0.0000,0.0000,1.5708,42.067000 -94.849719,33.3,90,0.0,0.00,ANGL,12,7.8,0,0,200,0
2024-09-15,14:23:13.000,-44,-50,99,14,12.57,15.3,34,0.0000,0.0000,1.5708,42.067000 -94.849579,41.7,90,0.0,0.00,ANGL,12,7.8,0,0,200,0
2024-09-15,14:23:14.000,-43,-51,99,14,12.56,17.0,39,0.1800,0.0000,1.5708,42.067000 -94.849411,50.0,90,0.0,0.00,ANGL,12,7.8,0,0,200,0
2024-09-15,14:23:15.000,-43,-52,98,14,12.53,17.1,44,0.1776,0.0000,1.5708,42.067000 -94.849240,50.7,90,0.4,0.36,ANGL,12,7.8,0,0,200,0
2024-09-15,14:23:16.000,-43,-52,98,14,12.49,17.3,48,0.1752,0.0000,1.5708,42.067000 -94.849067,51.4,90,1.5,1.09,ANGL,12,7.8,0,0,200,0
2024-09-15,14:23:17.000,-44,-52,98,14,12.46,17.4,53,0.1729,0.0000,1.5708,42.067000 -94.848891,52.1,90,3.3,1.81,ANGL,12,7.8,0,0,200,0
2024-09-15,14:23:18.000,-44,-52,97,14,12.44,18.8,59,0.1705,0.0000,1.5708,42.067000 -94.848713,52.9,90,5.8,2.54,ANGL,12,7.8,0,0,200,0
2024-09-15,14:23:19.000,-45,-51,97,14,12.44,19.2,64,0.1681,0.0000,1.5708,42.067000 -94.848533,53.6,90,9.1,3.27,ANGL,12,7.8,0,0,200,0
2024-09-15,14:23:20.000,-46,-50,97,14,12.45,19.3,69,0.1657,0.0000,1.5708,42.067000 -94.848350,54.3,90,13.1,3.99,ANGL,12,7.8,0,0,200,0
2024-09-15,14:23:21.000,-48,-49,96,14,12.47,19.3,75,0.1633,0.0000,1.5708,42.067000 -94.848165,55.0,90,17.8,4.72,ANGL,12,7.8,0,0,200,0
2024-09-15,14:23:22.000,-49,-48,96,14,12.49,19.0,80,0.1610,0.0000,1.5708,42.067000 -94.847977,55.7,90,23.2,5.44,ANGL,12,7.8,0,0,200,0
2024-09-15,14:23:23.000,-50,-48,95,14,12.50,18.6,85,0.1586,0.0000,1.5708,42.067000 -94.847787,56.4,90,29.4,6.17,ANGL,12,7.8,0,0,200,0
2024-09-15,14:23:24.000,-51,-48,95,14,12.50,18.2,90,0.1562,0.0000,1.5708,42.067000 -94.847595,57.1,90,36.3,6.89,ANGL,12,7.8,0,0,200,0
2024-09-15,14:23:25.000,-51,-49,95,14,12.48,17.8,95,0.1538,0.0000,1.5708,42.067000 -94.847400,57.9,90,43.7,7.44,ANGL,12,7.8,0,0,200,0
2024-09-15,14:23:26.000,-52,-50,94,14,12.44,17.5,100,0.1514,0.0000,1.5708,42.067000 -94.847202,58.6,90,50.6,6.89,ANGL,12,7.8,0,0,200,0
2024-09-15,14:23:27.000,-52,-52,94,14,12.41,17.4,105,0.1490,0.0000,1.5708,42.067000 -94.847003,59.3,90,56.8,6.17,ANGL,12,7.8,0,0,200,0
2024-09-15,14:23:28.000,-52,-53,93,14,12.38,17.5,110,0.1467,0.0000,1.5708,42.067000 -94.846801,60.0,90,62.2,5.44,ANGL,12,7.8,0,0,200,0
2024-09-15,14:23:29.000,-52,-54,93,14,12.37,17.9,115,0.1443,0.0000,1.5708,42.067000 -94.846596,60.7,90,66.9,4.72,ANGL,12,7.8,0,0,200,0
2024-09-15,14:23:30.000,-51,-55,93,14,12.37,18.5,120,0.1419,0.0000,1.5708,42.067000 -94.846389,61.4,90,70.9,3.99,ANGL,12,7.8,0,0,200,0
2024-09-15,14:23:31.000,-51,-56,92,14,12.39,19.2,125,0.1395,0.0000,1.5708,42.067000 -94.846180,62.1,90,74.2,3.27,ANGL,12,7.8,0,0,200,0
2024-09-15,14:23:32.000,-50,-56,92,14,12.42,19.9,131,0.1371,0.0000,1.5708,42.067000 -94.845968,62.9,90,76.7,2.54,ANGL,12,7.8,0,0,200,0
2024-09-15,14:23:33.000,-49,-56,91,14,12.43,20.6,136,0.1348,0.0000,1.5708,42.067000 -94.845754,63.6,90,78.5,1.81,ANGL,12,7.8,0,0,200,0
2024-09-15,14:23:34.000,-49,-56,91,14,12.44,21.1,142,0.1324,0.0000,1.5708,42.067000 -94.845538,64.3,90,79.6,1.09,ANGL,12,7.8,0,0,200,0
2024-09-15,14:23:35.000,-49,-55,90,14,12.42,21.5,148,0.0400,0.0000,1.5708,42.067000 -94.845319,65.0,90,80.0,0.36,ANGL,12,7.8,0,0,200,0
2024-09-15,14:23:36.000,-49,-54,90,14,12.39,21.4,154,0.0400,-0.0066,1.5944,42.066996 -94.845100,65.0,91,80.1,0.06,ANGL,12,7.8,0,0,200,0
2024-09-15,14:23:37.000,-49,-53,89,14,12.36,21.2,160,0.0400,-0.0264,1.6650,42.066981 -94.844882,65.0,95,80.3,0.19,ANGL,12,7.8,0,0,200,0
2024-09-15,14:23:38.000,-50,-53,89,14,12.33,20.7,166,0.0400,-0.0592,1.7829,42.066947 -94.844668,65.0,102,80.6,0.31,ANGL,12,7.8,0,0,200,0
2024-09-15,14:23:39.000,-50,-53,89,14,12.31,20.2,171,0.0400,-0.1044,1.9478,42.066887 -94.844465,65.0,112,81.0,0.43,ANGL,12,7.8,0,0,200,0
2024-09-15,14:23:40.000,-51,-53,88,14,12.30,19.6,177,0.0400,-0.1607,2.1598,42.066797 -94.844283,65.0,124,81.5,0.54,ANGL,12,7.8,0,0,200,0
2024-09-15,14:23:41.000,-52,-54,88,14,12.32,19.0,182,0.0400,-0.2250,2.4190,42.066675 -94.844138,65.0,139,82.1,0.61,ANGL,12,7.8,0,0,200,0
2024-09-15,14:23:42.000,-53,-55,88,14,12.34,18.7,187,0.0400,-0.2923,2.7253,42.066526 -94.844049,65.0,156,82.8,0.64,ANGL,12,7.8,0,0,200,0
2024-09-15,14:23:43.000,-54,-56,88,14,12.36,18.5,192,0.0400,-0.3546,3.0788,42.066364 -94.844036,65.0,176,83.4,0.59,ANGL,12,7.8,0,0,200,0
2024-09-15,14:23:44.000,-55,-57,88,14,12.37,18.6,197,0.0400,-0.4014,3.4793,42.066211 -94.844108,65.0,199,83.8,0.45,ANGL,12,7.8,0,0,200,0
2024-09-15,14:23:45.000,-55,-58,88,14,12.37,18.9,203,0.0400,-0.4200,3.9270,42.066096 -94.844263,65.0,225,84.0,0.18,ANGL,12,7.8,0,0,200,0
2024-09-15,14:23:46.000,-56,-59,88,14,12.34,19.3,208,0.0400,-0.4014,4.3747,42.066042 -94.844470,65.0,251,83.8,-0.18,ANGL,12,7.8,0,0,200,0
2024-09-15,14:23:47.000,-56,-59,89,14,12.31,19.9,214,0.0400,-0.3546,4.7752,42.066052 -94.844688,65.0,274,83.4,-0.45,ANGL,12,7.8,0,0,200,0
2024-09-15,14:23:48.000,-55,-58,89,14,12.27,20.5,219,0.0400,-0.2923,5.1287,42.066118 -94.844888,65.0,294,82.8,-0.59,ANGL,12,7.8,0,0,200,0
2024-09-15,14:23:49.000,-54,-57,90,14,12.25,21.0,225,0.0400,-0.2250,5.4350,42.066225 -94.845052,65.0,311,82.1,-0.64,ANGL,12,7.8,0,0,200,0
2024-09-15,14:23:50.000,-54,-56,90,14,12.24,21.4,231,0.0400,-0.1607,5.6941,42.066360 -94.845174,65.0,326,81.5,-0.61,ANGL,12,7.8,0,0,200,0
2024-09-15,14:23:51.000,-53,-55,90,14,12.24,21.5,237,0.0400,-0.1044,5.9062,42.066511 -94.845255,65.0,338,81.0,-0.54,ANGL,12,7.8,0,0,200,0
2024-09-15,14:23:52.000,-52,-53,90,14,12.26,21.4,243,0.0400,-0.0592,6.0711,42.066670 -94.845301,65.0,348,80.6,-0.43,ANGL,12,7.8,0,0,200,0
2024-09-15,14:23:53.000,-51,-52,90,14,12.29,21.1,249,0.0400,-0.0264,6.1889,42.066832 -94.845321,65.0,355,80.3,-0.31,ANGL,12,7.8,0,0,200,0
2024-09-15,14:23:54.000,-50,-52,90,14,12.30,20.6,255,0.0400,-0.0066,6.2596,42.066994 -94.845326,65.0,359,80.1,-0.19,ANGL,12,7.8,0,0,200,0
2024-09-15,14:23:55.000,-49,-51,90,14,12.31,20.0,260,0.0200,0.0000,0.0000,42.067157 -94.845326,65.0,0,80.0,-0.06,CRUZ,12,7.8,0,0,200,0
2024-09-15,14:23:56.000,-49,-52,90,14,12.29,19.2,265,0.0200,0.0000,0.0000,42.067317 -94.845326,64.2,0,80.0,0.00,CRUZ,12,7.8,0,0,200,0
2024-09-15,14:23:57.000,-49,-52,90,14,12.26,18.6,271,0.0200,0.0000,0.0000,42.067476 -94.845326,63.6,0,80.0,0.00,CRUZ,12,7.8,0,0,200,0
2024-09-15,14:23:58.000,-49,-53,90,14,12.23,18.2,276,0.0200,0.0000,0.0000,42.067634 -94.845326,63.1,0,80.0,0.00,CRUZ,12,7.8,0,0,200,0
2024-09-15,14:23:59.000,-49,-55,90,14,12.19,18.1,281,0.0200,0.0000,0.0000,42.067792 -94.845326,63.0,0,80.0,0.00,CRUZ,12,7.8,0,0,200,0
2024-09-15,14:24:00.000,-49,-56,90,14,12.18,18.3,286,0.0200,0.0000,0.0000,42.067950 -94.845326,63.2,0,80.0,0.00,CRUZ,12,7.8,0,0,200,0
2024-09-15,14:24:01.000,-50,-57,90,14,12.17,18.7,291,0.0200,0.0000,0.0000,42.068109 -94.845326,63.7,0,80.0,0.00,CRUZ,12,7.8,0,0,200,0
2024-09-15,14:24:02.000,-51,-58,90,14,12.19,19.4,296,0.0200,0.0000,0.0000,42.068270 -94.845326,64.3,0,80.0,0.00,CRUZ,12,7.8,0,0,200,0
2024-09-15,14:24:03.000,-52,-58,90,14,12.21,20.1,302,0.0200,0.0000,0.0000,42.068432 -94.845326,65.1,0,80.0,0.00,CRUZ,12,7.8,0,0,200,0
2024-09-15,14:24:04.000,-53,-58,89,14,12.23,20.9,308,0.0200,0.0000,0.0000,42.068597 -94.845326,65.9,0,80.0,0.00,CRUZ,12,7.8,0,0,200,0
2024-09-15,14:24:05.000,-54,-57,89,14,12.24,21.4,314,0.0200,0.0000,0.0000,42.068764 -94.845326,66.5,0,80.0,0.00,CRUZ,12,7.8,0,0,200,0
2024-09-15,14:24:06.000,-55,-56,89,14,12.23,21.8,320,0.0200,0.0000,0.0000,42.068931 -94.845326,66.9,0,80.0,0.00,CRUZ,12,7.8,0,0,200,0
2024-09-15,14:24:07.000,-55,-55,89,14,12.21,21.9,326,0.0200,0.0000,0.0000,42.069098 -94.845326,67.0,0,80.0,0.00,CRUZ,12,7.8,0,0,200,0
2024-09-15,14:24:08.000,-56,-54,88,14,12.18,21.7,332,0.0200,0.0000,0.0000,42.069265 -94.845326,66.8,0,80.0,0.00,CRUZ,12,7.8,0,0,200,0
2024-09-15,14:24:09.000,-56,-54,88,14,12.14,21.2,338,0.0200,0.0000,0.0000,42.069431 -94.845326,66.2,0,80.0,0.00,CRUZ,12,7.8,0,0,200,0
2024-09-15,14:24:10.000,-56,-53,88,14,12.12,20.5,344,0.0200,0.0000,0.0000,42.069595 -94.845326,65.5,0,80.0,0.00,CRUZ,12,7.8,0,0,200,0
2024-09-15,14:24:11.000,-55,-53,88,14,12.11,19.8,349,0.0200,0.0000,0.0000,42.069757 -94.845326,64.7,0,80.0,0.00,CRUZ,12,7.8,0,0,200,0
2024-09-15,14:24:12.000,-55,-54,87,14,12.11,19.0,354,0.0200,0.0000,0.0000,42.069917 -94.845326,64.0,0,80.0,0.00,CRUZ,12,7.8,0,0,200,0
2024-09-15,14:24:13.000,-54,-55,87,14,12.13,18.5,359,0.0200,0.0000,0.0000,42.070075 -94.845326,63.4,0,80.0,0.00,CRUZ,12,7.8,0,0,200,0
2024-09-15,14:24:14.000,-53,-56,87,14,12.16,18.2,364,0.0200,0.0000,0.0000,42.070233 -94.845326,63.1,0,80.0,0.00,CRUZ,12,7.8,0,0,200,0
2024-09-15,14:24:15.000,-53,-57,87,14,12.17,18.1,369,0.0200,0.0000,0.0000,42.070390 -94.845326,63.0,0,80.0,0.00,CRUZ,12,7.8,0,0,200,0
2024-09-15,14:24:16.000,-52,-59,86,14,12.17,18.4,375,0.0200,0.0000,0.0000,42.070549 -94.845326,63.3,0,80.0,0.00,CRUZ,12,7.8,0,0,200,0
2024-09-15,14:24:17.000,-52,-60,86,14,12.16,18.9,380,0.0200,0.0000,0.0000,42.070708 -94.845326,63.8,0,80.0,0.00,CRUZ,12,7.8,0,0,200,0
2024-09-15,14:24:18.000,-52,-61,86,14,12.13,19.6,385,0.0200,0.0000,0.0000,42.070870 -94.845326,64.6,0,80.0,0.00,CRUZ,12,7.8,0,0,200,0
2024-09-15,14:24:19.000,-52,-61,85,14,12.09,20.3,391,0.0200,0.0000,0.0000,42.071033 -94.845326,65.4,0,80.0,0.00,CRUZ,12,7.8,0,0,200,0
2024-09-15,14:24:20.000,-52,-61,85,14,12.06,21.0,397,0.0200,0.0000,0.0000,42.071198 -94.845326,66.1,0,80.0,0.00,CRUZ,12,7.8,0,0,200,0
2024-09-15,14:24:21.000,-53,-60,85,14,12.04,21.6,403,0.0200,0.0000,0.0000,42.071365 -94.845326,66.7,0,80.0,0.00,CRUZ,12,7.8,0,0,200,0
2024-09-15,14:24:22.000,-54,-59,85,14,12.04,21.9,409,0.0200,0.0000,0.0000,42.071532 -94.845326,67.0,0,80.0,0.00,CRUZ,12,7.8,0,0,200,0
2024-09-15,14:24:23.000,-55,-58,85,14,12.06,21.9,415,0.0200,0.0000,0.0000,42.071700 -94.845326,67.0,0,80.0,0.00,CRUZ,12,7.8,0,0,200,0
2024-09-15,14:24:24.000,-56,-57,85,14,12.08,21.6,421,0.0200,0.0000,0.0000,42.071866 -94.845326,66.6,0,80.0,0.00,CRUZ,12,7.8,0,0,200,0
2024-09-15,14:24:25.000,-57,-57,85,14,12.10,21.0,427,0.0200,0.0000,0.0000,42.072031 -94.845326,66.1,0,80.0,0.00,CRUZ,12,7.8,0,0,200,0
2024-09-15,14:24:26.000,-58,-57,85,14,12.11,20.3,432,0.0200,0.0000,0.0000,42.072195 -94.845326,65.3,0,80.0,0.00,CRUZ,12,7.8,0,0,200,0
2024-09-15,14:24:27.000,-59,-57,85,14,12.10,19.5,438,0.0200,0.0000,0.0000,42.072356 -94.845326,64.5,0,80.0,0.00,CRUZ,12,7.8,0,0,200,0
2024-09-15,14:24:28.000,-60,-58,85,14,12.08,18.9,443,0.0200,0.0000,0.0000,42.072516 -94.845326,63.8,0,80.0,0.00,CRUZ,12,7.8,0,0,200,0
2024-09-15,14:24:29.000,-60,-59,85,14,12.04,18.4,448,0.0200,0.0000,0.0000,42.072674 -94.845326,63.3,0,80.0,0.00,CRUZ,12,7.8,0,0,200,0
2024-09-15,14:24:30.000,-60,-60,85,14,12.01,18.5,453,-0.0200,0.0000,0.0000,42.072836 -94.845326,65.0,0,80.0,0.00,CRUZ,12,7.8,0,0,200,0
2024-09-15,14:24:31.000,-60,-62,85,14,11.98,18.6,458,-0.0200,-0.0063,6.2753,42.072999 -94.845328,65.0,360,80.0,0.02,CRUZ,12,7.8,0,0,200,0
2024-09-15,14:24:32.000,-60,-63,85,14,11.98,18.8,464,-0.0200,-0.0251,6.2518,42.073161 -94.845335,65.0,358,80.1,0.07,CRUZ,12,7.8,0,0,200,0
2024-09-15,14:24:33.000,-59,-64,85,14,11.98,19.3,469,-0.0200,-0.0564,6.2125,42.073323 -94.845350,65.0,356,80.2,0.11,CRUZ,12,7.8,0,0,200,0
2024-09-15,14:24:34.000,-59,-65,85,14,12.01,19.9,475,-0.0200,-0.0995,6.1575,42.073484 -94.845378,65.0,353,80.3,0.15,CRUZ,12,7.8,0,0,200,0
2024-09-15,14:24:35.000,-58,-65,85,14,12.03,20.4,480,-0.0200,-0.1531,6.0868,42.073644 -94.845421,65.0,349,80.5,0.18,CRUZ,12,7.8,0,0,200,0
2024-09-15,14:24:36.000,-58,-64,85,14,12.04,21.0,486,-0.0200,-0.2143,6.0004,42.073800 -94.845482,65.0,344,80.7,0.18,CRUZ,12,7.8,0,0,200,0
2024-09-15,14:24:37.000,-57,-64,85,14,12.04,21.3,492,-0.0200,-0.2784,5.8983,42.073950 -94.845564,65.0,338,80.9,0.16,CRUZ,12,7.8,0,0,200,0
2024-09-15,14:24:38.000,-57,-63,85,14,12.03,21.5,498,-0.0200,-0.3377,5.7805,42.074093 -94.845669,65.0,331,80.9,0.07,CRUZ,12,7.8,0,0,200,0
2024-09-15,14:24:39.000,-57,-62,85,14,12.00,21.4,504,-0.0200,-0.3823,5.6470,42.074224 -94.845799,65.0,324,80.8,-0.09,CRUZ,12,7.8,0,0,200,0
2024-09-15,14:24:40.000,-57,-61,85,14,11.96,21.1,510,-0.0200,-0.4000,5.4978,42.074338 -94.845954,65.0,315,80.5,-0.34,CRUZ,12,7.8,0,0,200,0
2024-09-15,14:24:41.000,-57,-60,85,14,11.93,20.6,516,-0.0200,-0.3823,5.3486,42.074435 -94.846130,65.0,306,79.9,-0.61,CRUZ,12,7.8,0,0,200,0
2024-09-15,14:24:42.000,-58,-60,85,14,11.91,20.1,521,-0.0200,-0.3377,5.2150,42.074513 -94.846322,65.0,299,79.1,-0.76,CRUZ,12,7.8,0,0,200,0
2024-09-15,14:24:43.000,-58,-60,85,14,11.91,19.5,526,-0.0200,-0.2784,5.0972,42.074574 -94.846525,65.0,292,78.3,-0.82,CRUZ,12,7.8,0,0,200,0
2024-09-15,14:24:44.000,-59,-61,85,14,11.93,19.0,532,-0.0200,-0.2143,4.9951,42.074620 -94.846735,65.0,286,77.5,-0.81,CRUZ,12,7.8,0,0,200,0
2024-09-15,14:24:45.000,-60,-62,85,14,11.95,18.6,537,-0.0200,-0.1531,4.9087,42.074651 -94.846950,65.0,281,76.8,-0.73,CRUZ,12,7.8,0,0,200,0
2024-09-15,14:24:46.000,-61,-63,85,14,11.97,18.5,542,-0.0200,-0.0995,4.8381,42.074672 -94.847167,65.0,277,76.1,-0.63,CRUZ,12,7.8,0,0,200,0
2024-09-15,14:24:47.000,-62,-64,85,14,11.98,18.6,547,-0.0200,-0.0564,4.7831,42.074683 -94.847385,65.0,274,75.6,-0.50,CRUZ,12,7.8,0,0,200,0
2024-09-15,14:24:48.000,-62,-65,85,14,11.97,18.9,553,-0.0200,-0.0251,4.7438,42.074688 -94.847604,65.0,272,75.3,-0.36,CRUZ,12,7.8,0,0,200,0
2024-09-15,14:24:49.000,-62,-65,85,14,11.95,19.4,558,-0.0200,-0.0063,4.7202,42.074690 -94.847823,65.0,270,75.1,-0.22,CRUZ,12,7.8,0,0,200,0
2024-09-15,14:24:50.000,-62,-65,85,14,11.91,20.0,563,-0.0400,0.0000,4.7124,42.074690 -94.848042,65.0,270,75.0,-0.07,CRUZ,12,7.8,0,0,200,0
2024-09-15,14:24:51.000,-62,-65,85,14,11.88,20.6,569,-0.0400,0.0000,4.7124,42.074690 -94.848260,64.9,270,74.3,-0.71,CRUZ,12,7.8,0,0,200,0
2024-09-15,14:24:52.000,-62,-64,85,14,11.85,21.0,575,-0.0400,0.0000,4.7124,42.074690 -94.848478,64.7,270,73.6,-0.71,CRUZ,12,7.8,0,0,200,0
2024-09-15,14:24:53.000,-61,-63,85,14,11.85,21.3,581,-0.0400,0.0000,4.7124,42.074690 -94.848696,64.6,270,72.9,-0.71,CRUZ,12,7.8,0,0,200,0
2024-09-15,14:24:54.000,-60,-62,85,14,11.85,21.4,587,-0.0400,0.0000,4.7124,42.074690 -94.848913,64.4,270,72.1,-0.71,CRUZ,12,7.8,0,0,200,0
2024-09-15,14:24:55.000,-59,-61,85,14,11.88,21.2,593,-0.0400,0.0000,4.7124,42.074690 -94.849129,64.3,270,71.4,-0.71,CRUZ,12,7.8,0,0,200,0
2024-09-15,14:24:56.000,-59,-60,85,14,11.90,20.8,599,-0.0400,0.0000,4.7124,42.074690 -94.849345,64.1,270,70.7,-0.71,CRUZ,12,7.8,0,0,200,0
2024-09-15,14:24:57.000,-58,-59,85,14,11.91,20.3,604,-0.0400,0.0000,4.7124,42.074690 -94.849561,64.0,270,70.0,-0.71,CRUZ,12,7.8,0,0,200,0
2024-09-15,14:24:58.000,-57,-59,85,14,11.91,19.7,610,-0.0400,0.0000,4.7124,42.074690 -94.849776,63.9,270,69.3,-0.71,CRUZ,12,7.8,0,0,200,0
2024-09-15,14:24:59.000,-57,-60,85,14,11.89,19.1,615,-0.0400,0.0000,4.7124,42.074690 -94.849990,63.7,270,68.6,-0.71,CRUZ,12,7.8,0,0,200,0
2024-09-15,14:25:00.000,-56,-60,85,14,11.86,18.6,620,-0.0400,0.0000,4.7124,42.074690 -94.850204,63.6,270,67.9,-0.71,CRUZ,12,7.8,0,0,200,0
2024-09-15,14:25:01.000,-56,-61,85,14,11.83,18.3,625,-0.0400,0.0000,4.7124,42.074690 -94.850418,63.4,270,67.1,-0.71,CRUZ,12,7.8,0,0,200,0
2024-09-15,14:25:02.000,-57,-63,85,14,11.80,18.2,630,-0.0400,0.0000,4.7124,42.074690 -94.850631,63.3,270,66.4,-0.71,CRUZ,12,7.8,0,0,200,0
2024-09-15,14:25:03.000,-57,-64,85,14,11.78,18.3,635,-0.0400,0.0000,4.7124,42.074690 -94.850844,63.1,270,65.7,-0.71,CRUZ,12,7.8,0,0,200,0
2024-09-15,14:25:04.000,-58,-65,85,14,11.78,18.7,641,-0.0400,0.0000,4.7124,42.074690 -94.851056,63.0,270,65.0,-0.71,CRUZ,12,7.8,0,0,200,0
2024-09-15,14:25:05.000,-59,-65,85,14,11.80,19.2,646,-0.0400,0.0000,4.7124,42.074690 -94.851268,62.9,270,64.3,-0.71,CRUZ,12,7.8,0,0,200,0
2024-09-15,14:25:06.000,-60,-65,85,14,11.82,19.7,651,-0.0400,0.0000,4.7124,42.074690 -94.851479,62.7,270,63.6,-0.71,CRUZ,12,7.8,0,0,200,0
2024-09-15,14:25:07.000,-61,-65,85,14,11.84,20.3,657,-0.0400,0.0000,4.7124,42.074690 -94.851690,62.6,270,62.9,-0.71,CRUZ,12,7.8,0,0,200,0
2024-09-15,14:25:08.000,-61,-64,85,14,11.85,20.7,663,-0.0400,0.0000,4.7124,42.074690 -94.851900,62.4,270,62.1,-0.71,CRUZ,12,7.8,0,0,200,0
2024-09-15,14:25:09.000,-62,-63,85,14,11.84,20.9,669,-0.0400,0.0000,4.7124,42.074690 -94.852110,62.3,270,61.4,-0.71,CRUZ,12,7.8,0,0,200,0
2024-09-15,14:25:10.000,-62,-62,85,14,11.81,20.9,674,-0.0400,0.0000,4.7124,42.074690 -94.852319,62.1,270,60.7,-0.71,CRUZ,12,7.8,0,0,200,0
2024-09-15,14:25:11.000,-63,-61,85,14,11.78,20.7,680,-0.0400,0.0000,4.7124,42.074690 -94.852528,62.0,270,60.0,-0.71,CRUZ,12,7.8,0,0,200,0
2024-09-15,14:25:12.000,-63,-60,85,14,11.74,20.2,686,-0.0400,0.0000,4.7124,42.074690 -94.852736,61.9,270,59.3,-0.71,CRUZ,12,7.8,0,0,200,0
2024-09-15,14:25:13.000,-62,-60,85,14,11.72,19.7,691,-0.0400,0.0000,4.7124,42.074690 -94.852944,61.7,270,58.6,-0.71,CRUZ,12,7.8,0,0,200,0
2024-09-15,14:25:14.000,-62,-60,85,14,11.71,19.0,696,-0.0400,0.0000,4.7124,42.074690 -94.853151,61.6,270,57.9,-0.71,CRUZ,12,7.8,0,0,200,0
2024-09-15,14:25:15.000,-61,-60,85,14,11.72,18.4,702,-0.0400,0.0000,4.7124,42.074690 -94.853358,61.4,270,57.1,-0.71,CRUZ,12,7.8,0,0,200,0
2024-09-15,14:25:16.000,-60,-61,85,14,11.75,18.0,707,-0.0400,0.0000,4.7124,42.074690 -94.853564,61.3,270,56.4,-0.71,CRUZ,12,7.8,0,0,200,0
2024-09-15,14:25:17.000,-59,-63,85,14,11.77,17.8,711,-0.0400,0.0000,4.7124,42.074690 -94.853770,61.1,270,55.7,-0.71,CRUZ,12,7.8,0,0,200,0
2024-09-15,14:25:18.000,-59,-64,85,14,11.78,17.7,716,-0.0400,0.0000,4.7124,42.074690 -94.853976,61.0,270,55.0,-0.71,CRUZ,12,7.8,0,0,200,0
2024-09-15,14:25:19.000,-58,-65,85,14,11.78,18.0,721,-0.0400,0.0000,4.7124,42.074690 -94.854181,60.9,270,54.3,-0.71,CRUZ,12,7.8,0,0,200,0
2024-09-15,14:25:20.000,-58,-66,85,14,11.76,18.4,726,-0.0400,0.0000,4.7124,42.074690 -94.854385,60.7,270,53.6,-0.71,CRUZ,12,7.8,0,0,200,0
2024-09-15,14:25:21.000,-58,-67,85,14,11.73,18.9,732,-0.0400,0.0000,4.7124,42.074690 -94.854589,60.6,270,52.9,-0.71,CRUZ,12,7.8,0,0,200,0
2024-09-15,14:25:22.000,-58,-67,85,14,11.69,19.5,737,-0.0400,0.0000,4.7124,42.074690 -94.854793,60.4,270,52.1,-0.71,CRUZ,12,7.8,0,0,200,0
2024-09-15,14:25:23.000,-58,-66,85,14,11.66,20.0,743,-0.0400,0.0000,4.7124,42.074690 -94.854996,60.3,270,51.4,-0.71,CRUZ,12,7.8,0,0,200,0
2024-09-15,14:25:24.000,-59,-65,85,14,11.65,20.3,748,-0.0400,0.0000,4.7124,42.074690 -94.855198,60.1,270,50.7,-0.71,CRUZ,12,7.8,0,0,200,0
2024-09-15,14:25:25.000,-60,-64,85,14,11.65,20.5,754,-0.0600,0.0000,4.7124,42.074690 -94.855400,60.0,270,50.0,-0.71,ANGL,12,7.8,0,0,200,0
2024-09-15,14:25:26.000,-61,-63,85,14,11.67,20.4,760,-0.0600,-0.0028,4.7069,42.074689 -94.855602,60.0,270,49.9,-0.08,ANGL,12,7.8,0,0,200,0
2024-09-15,14:25:27.000,-62,-62,85,14,11.69,20.1,765,-0.0600,-0.0113,4.6905,42.074685 -94.855804,59.9,269,49.7,-0.22,ANGL,12,7.8,0,0,200,0
2024-09-15,14:25:28.000,-63,-62,85,14,11.71,19.7,771,-0.0600,-0.0254,4.6632,42.074678 -94.856005,59.8,267,49.3,-0.38,ANGL,12,7.8,0,0,200,0
2024-09-15,14:25:29.000,-64,-62,85,14,11.72,19.1,776,-0.0600,-0.0448,4.6256,42.074665 -94.856205,59.6,265,48.8,-0.53,ANGL,12,7.8,0,0,200,0
2024-09-15,14:25:30.000,-64,-62,85,14,11.71,18.4,781,-0.0600,-0.0689,4.5788,42.074645 -94.856403,59.4,262,48.1,-0.67,ANGL,12,7.8,0,0,200,0
2024-09-15,14:25:31.000,-65,-62,85,14,11.68,17.8,786,-0.0600,-0.0964,4.5254,42.074618 -94.856599,59.1,259,47.3,-0.83,ANGL,12,7.8,0,0,200,0
2024-09-15,14:25:32.000,-65,-64,85,14,11.65,17.4,791,-0.0600,-0.1253,4.4695,42.074583 -94.856791,58.8,256,46.3,-0.97,ANGL,12,7.8,0,0,200,0
2024-09-15,14:25:33.000,-65,-65,85,14,11.61,17.2,796,-0.0600,-0.1520,4.4177,42.074540 -94.856979,58.4,253,45.2,-1.13,ANGL,12,7.8,0,0,200,0
2024-09-15,14:25:34.000,-64,-66,85,14,11.59,17.2,801,-0.0600,-0.1720,4.3788,42.074493 -94.857163,58.0,251,43.9,-1.28,ANGL,12,7.8,0,0,200,0
2024-09-15,14:25:35.000,-64,-67,85,14,11.58,17.4,805,-0.0600,-0.1800,4.3633,42.074444 -94.857345,57.5,250,42.5,-1.42,ANGL,12,7.8,0,0,200,0
2024-09-15,14:25:36.000,-63,-68,85,14,11.59,17.8,810,-0.0600,-0.1720,4.3788,42.074397 -94.857527,57.0,251,41.1,-1.42,ANGL,12,7.8,0,0,200,0
2024-09-15,14:25:37.000,-62,-68,85,14,11.62,18.3,815,-0.0600,-0.1520,4.4177,42.074356 -94.857709,56.6,253,39.8,-1.28,ANGL,12,7.8,0,0,200,0
2024-09-15,14:25:38.000,-62,-68,85,14,11.64,18.8,821,-0.0600,-0.1253,4.4695,42.074322 -94.857893,56.2,256,38.7,-1.13,ANGL,12,7.8,0,0,200,0
2024-09-15,14:25:39.000,-61,-68,85,14,11.65,19.2,826,-0.0600,-0.0964,4.5254,42.074296 -94.858078,55.9,259,37.7,-0.97,ANGL,12,7.8,0,0,200,0
2024-09-15,14:25:40.000,-60,-67,85,14,11.65,19.5,831,-0.0600,-0.0689,4.5788,42.074277 -94.858264,55.6,262,36.9,-0.83,ANGL,12,7.8,0,0,200,0
2024-09-15,14:25:41.000,-60,-66,85,14,11.63,19.6,837,-0.0600,-0.0448,4.6256,42.074265 -94.858449,55.4,265,36.2,-0.67,ANGL,12,7.8,0,0,200,0
2024-09-15,14:25:42.000,-60,-65,85,14,11.60,19.4,842,-0.0600,-0.0254,4.6632,42.074259 -94.858635,55.2,267,35.7,-0.53,ANGL,12,7.8,0,0,200,0
2024-09-15,14:25:43.000,-60,-64,85,14,11.56,19.1,847,-0.0600,-0.0113,4.6905,42.074256 -94.858821,55.1,269,35.3,-0.38,ANGL,12,7.8,0,0,200,0
2024-09-15,14:25:44.000,-61,-63,85,14,11.53,18.6,853,-0.0600,-0.0028,4.7069,42.074255 -94.859006,55.0,270,35.1,-0.22,ANGL,12,7.8,0,0,200,0
2024-09-15,14:25:45.000,-61,-63,85,14,11.52,18.0,858,-0.0800,0.0000,4.7124,42.074255 -94.859191,55.0,270,35.0,-0.08,ANGL,12,7.8,0,0,200,0
2024-09-15,14:25:46.000,-62,-64,85,14,11.52,17.3,862,-0.0791,0.0000,4.7124,42.074255 -94.859376,54.8,270,34.3,-0.71,ANGL,12,7.8,0,0,200,0
2024-09-15,14:25:47.000,-63,-65,85,14,11.54,16.8,867,-0.0782,0.0000,4.7124,42.074255 -94.859559,54.6,270,33.6,-0.71,ANGL,12,7.8,0,0,200,0
2024-09-15,14:25:48.000,-64,-66,85,14,11.56,16.5,872,-0.0773,0.0000,4.7124,42.074255 -94.859742,54.3,270,32.9,-0.71,ANGL,12,7.8,0,0,200,0
2024-09-15,14:25:49.000,-65,-67,85,14,11.58,16.3,876,-0.0764,0.0000,4.7124,42.074255 -94.859925,54.1,270,32.2,-0.71,ANGL,12,7.8,0,0,200,0
2024-09-15,14:25:50.000,-66,-69,85,14,11.59,16.4,881,-0.0756,0.0000,4.7124,42.074255 -94.860106,53.9,270,31.4,-0.71,ANGL,12,7.8,0,0,200,0
2024-09-15,14:25:51.000,-67,-70,85,14,11.58,16.7,885,-0.0747,0.0000,4.7124,42.074255 -94.860287,53.7,270,30.7,-0.71,ANGL,12,7.8,0,0,200,0
2024-09-15,14:25:52.000,-68,-71,85,14,11.55,17.2,890,-0.0738,0.0000,4.7124,42.074255 -94.860467,53.4,270,30.0,-0.71,ANGL,12,7.8,0,0,200,0
2024-09-15,14:25:53.000,-68,-71,85,14,11.51,17.8,895,-0.0729,0.0000,4.7124,42.074255 -94.860646,53.2,270,29.3,-0.71,ANGL,12,7.8,0,0,200,0
2024-09-15,14:25:54.000,-68,-71,85,14,11.48,18.3,900,-0.0720,0.0000,4.7124,42.074255 -94.860825,53.0,270,28.6,-0.71,ANGL,12,7.8,0,0,200,0
2024-09-15,14:25:55.000,-68,-70,85,14,11.46,18.7,905,-0.0711,0.0000,4.7124,42.074255 -94.861002,52.8,270,27.9,-0.71,ANGL,12,7.8,0,0,200,0
2024-09-15,14:25:56.000,-67,-69,85,14,11.45,19.0,911,-0.0702,0.0000,4.7124,42.074255 -94.861179,52.6,270,27.2,-0.71,ANGL,12,7.8,0,0,200,0
2024-09-15,14:25:57.000,-67,-68,85,14,11.46,19.0,916,-0.0693,0.0000,4.7124,42.074255 -94.861355,52.3,270,26.5,-0.71,ANGL,12,7.8,0,0,200,0
2024-09-15,14:25:58.000,-66,-67,85,14,11.49,18.7,921,-0.0684,0.0000,4.7124,42.074255 -94.861531,52.1,270,25.8,-0.71,ANGL,12,7.8,0,0,200,0
2024-09-15,14:25:59.000,-65,-67,85,14,11.51,18.3,926,-0.0676,0.0000,4.7124,42.074255 -94.861706,51.9,270,25.0,-0.71,ANGL,12,7.8,0,0,200,0
2024-09-15,14:26:00.000,-64,-66,85,14,11.52,17.7,931,-0.0667,0.0000,4.7124,42.074255 -94.861880,51.7,270,24.3,-0.71,ANGL,12,7.8,0,0,200,0
2024-09-15,14:26:01.000,-64,-66,85,14,11.52,17.1,936,-0.0658,0.0000,4.7124,42.074255 -94.862053,51.4,270,23.6,-0.71,ANGL,12,7.8,0,0,200,0
2024-09-15,14:26:02.000,-64,-67,85,14,11.50,16.5,940,-0.0649,0.0000,4.7124,42.074255 -94.862225,51.2,270,22.9,-0.71,ANGL,12,7.8,0,0,200,0
2024-09-15,14:26:03.000,-64,-68,85,14,11.46,16.0,945,-0.0640,0.0000,4.7124,42.074255 -94.862397,51.0,270,22.2,-0.71,ANGL,12,7.8,0,0,200,0
2024-09-15,14:26:04.000,-64,-69,85,14,11.43,15.7,949,-0.0631,0.0000,4.7124,42.074255 -94.862568,50.8,270,21.5,-0.71,ANGL,12,7.8,0,0,200,0
2024-09-15,14:26:05.000,-64,-71,85,14,11.40,15.6,954,-0.0622,0.0000,4.7124,42.074255 -94.862738,50.6,270,20.8,-0.71,ANGL,12,7.8,0,0,200,0
2024-09-15,14:26:06.000,-65,-72,85,14,11.39,15.8,958,-0.0613,0.0000,4.7124,42.074255 -94.862908,50.3,270,20.1,-0.71,ANGL,12,7.8,0,0,200,0
2024-09-15,14:26:07.000,-66,-73,85,14,11.39,16.2,962,-0.0604,0.0000,4.7124,42.074255 -94.863077,50.1,270,19.4,-0.71,ANGL,12,7.8,0,0,200,0
2024-09-15,14:26:08.000,-67,-74,85,14,11.41,16.7,967,-0.0596,0.0000,4.7124,42.074255 -94.863245,49.9,270,18.6,-0.71,ANGL,12,7.8,0,0,200,0
2024-09-15,14:26:09.000,-68,-74,85,14,11.43,17.2,972,-0.0587,0.0000,4.7124,42.074255 -94.863412,49.7,270,17.9,-0.71,ANGL,12,7.8,0,0,200,0
2024-09-15,14:26:10.000,-69,-73,85,14,11.45,17.7,977,-0.0578,0.0000,4.7124,42.074255 -94.863579,49.4,270,17.2,-0.71,ANGL,12,7.8,0,0,200,0
2024-09-15,14:26:11.000,-70,-73,85,14,11.46,18.1,982,-0.0569,0.0000,4.7124,42.074255 -94.863744,49.2,270,16.5,-0.71,ANGL,12,7.8,0,0,200,0
2024-09-15,14:26:12.000,-71,-72,85,14,11.44,18.3,987,-0.0560,0.0000,4.7124,42.074255 -94.863909,49.0,270,15.8,-0.71,ANGL,12,7.8,0,0,200,0
2024-09-15,14:26:13.000,-71,-71,85,14,11.41,18.2,992,-0.0551,0.0000,4.7124,42.074255 -94.864074,48.8,270,15.1,-0.71,ANGL,12,7.8,0,0,200,0
2024-09-15,14:26:14.000,-72,-70,85,14,11.38,17.9,997,-0.0542,0.0000,4.7124,42.074255 -94.864237,48.6,270,14.4,-0.71,ANGL,12,7.8,0,0,200,0
2024-09-15,14:26:15.000,-72,-69,85,14,11.35,17.4,1002,-0.0533,0.0000,4.7124,42.074255 -94.864400,48.3,270,13.7,-0.71,ANGL,12,7.8,0,0,200,0
2024-09-15,14:26:16.000,-71,-69,85,14,11.33,16.8,1007,-0.0524,0.0000,4.7124,42.074255 -94.864562,48.1,270,13.0,-0.71,ANGL,12,7.8,0,0,200,0
2024-09-15,14:26:17.000,-71,-69,85,14,11.32,16.2,1011,-0.0516,0.0000,4.7124,42.074255 -94.864723,47.9,270,12.2,-0.71,ANGL,12,7.8,0,0,200,0
2024-09-15,14:26:18.000,-70,-70,85,14,11.34,15.6,1015,-0.0507,0.0000,4.7124,42.074255 -94.864884,47.7,270,11.5,-0.71,ANGL,12,7.8,0,0,200,0
2024-09-15,14:26:19.000,-70,-71,85,14,11.36,15.2,1020,-0.0498,0.0000,4.7124,42.074255 -94.865043,47.4,270,10.8,-0.71,ANGL,12,7.8,0,0,200,0
2024-09-15,14:26:20.000,-69,-73,85,14,11.38,15.0,1024,-0.0489,0.0000,4.7124,42.074255 -94.865202,47.2,270,10.1,-0.71,ANGL,12,7.8,0,0,200,0
2024-09-15,14:26:21.000,-68,-74,85,14,11.39,15.0,1028,-0.0480,0.0000,4.7124,42.074255 -94.865361,47.0,270,9.4,-0.71,ANGL,12,7.8,0,0,200,0
2024-09-15,14:26:22.000,-68,-75,85,14,11.39,15.2,1032,-0.0471,0.0000,4.7124,42.074255 -94.865518,46.8,270,8.7,-0.71,ANGL,12,7.8,0,0,200,0
2024-09-15,14:26:23.000,-68,-76,85,14,11.36,15.6,1036,-0.0462,0.0000,4.7124,42.074255 -94.865675,46.6,270,8.0,-0.71,ANGL,12,7.8,0,0,200,0
2024-09-15,14:26:24.000,-68,-77,85,14,11.33,16.1,1041,-0.0453,0.0000,4.7124,42.074255 -94.865831,46.3,270,7.3,-0.71,ANGL,12,7.8,0,0,200,0
2024-09-15,14:26:25.000,-68,-77,85,14,11.30,16.7,1046,-0.0444,0.0000,4.7124,42.074255 -94.865986,46.1,270,6.6,-0.71,ANGL,12,7.8,0,0,200,0
2024-09-15,14:26:26.000,-68,-76,85,14,11.27,17.2,1050,-0.0436,0.0000,4.7124,42.074255 -94.866141,45.9,270,5.8,-0.71,ANGL,12,7.8,0,0,200,0
2024-09-15,14:26:27.000,-69,-75,85,14,11.26,17.5,1055,-0.0427,0.0000,4.7124,42.074255 -94.866295,45.7,270,5.1,-0.71,ANGL,12,7.8,0,0,200,0
2024-09-15,14:26:28.000,-70,-74,85,14,11.26,16.1,1060,-0.0418,0.0000,4.7124,42.074255 -94.866448,45.4,270,4.4,-0.71,ANGL,12,7.8,0,0,200,0
2024-09-15,14:26:29.000,-71,-73,85,14,11.28,16.0,1064,-0.0409,0.0000,4.7124,42.074255 -94.866600,45.2,270,3.7,-0.71,ANGL,12,7.8,0,0,200,0
2024-09-15,14:26:30.000,-72,-73,85,14,11.30,16.0,1069,0.0600,0.0000,4.7124,42.074255 -94.866752,45.0,270,3.0,-0.71,ANGL,12,7.8,0,0,200,0
2024-09-15,14:26:31.000,-73,-72,85,14,11.32,15.7,1073,0.0560,0.0000,4.7124,42.074255 -94.866897,43.3,270,2.8,-0.20,ANGL,12,7.8,0,0,200,0
2024-09-15,14:26:32.000,-74,-72,85,14,11.32,15.3,1077,0.0520,0.0000,4.7124,42.074255 -94.867038,41.7,270,2.6,-0.20,ANGL,12,7.8,0,0,200,0
2024-09-15,14:26:33.000,-75,-72,85,14,11.31,15.0,1081,0.0480,0.0000,4.7124,42.074255 -94.867173,40.0,270,2.4,-0.20,ANGL,12,7.8,0,0,200,0
2024-09-15,14:26:34.000,-75,-73,85,14,11.28,14.7,1085,0.0440,0.0000,4.7124,42.074255 -94.867302,38.3,270,2.2,-0.20,ANGL,12,7.8,0,0,200,0
2024-09-15,14:26:35.000,-75,-74,85,14,11.25,14.3,1089,0.0400,0.0000,4.7124,42.074255 -94.867425,36.7,270,2.0,-0.20,ANGL,12,7.8,0,0,200,0
2024-09-15,14:26:36.000,-75,-76,85,14,11.21,14.0,1093,0.0360,0.0000,4.7124,42.074255 -94.867543,35.0,270,1.8,-0.20,ANGL,12,7.8,0,0,200,0
2024-09-15,14:26:37.000,-75,-77,85,14,11.19,13.7,1097,0.0320,0.0000,4.7124,42.074255 -94.867655,33.3,270,1.6,-0.20,ANGL,12,7.8,0,0,200,0
2024-09-15,14:26:38.000,-74,-78,85,14,11.19,13.3,1101,0.0280,0.0000,4.7124,42.074255 -94.867762,31.7,270,1.4,-0.20,LAND,12,7.8,0,0,200,0
2024-09-15,14:26:39.000,-74,-79,85,14,11.21,13.0,1104,0.0240,0.0000,4.7124,42.074255 -94.867863,30.0,270,1.2,-0.20,LAND,12,7.8,0,0,200,0
2024-09-15,14:26:40.000,-73,-79,85,14,11.23,12.7,1108,0.0200,0.0000,4.7124,42.074255 -94.867958,28.3,270,1.0,-0.20,LAND,12,7.8,0,0,200,0
2024-09-15,14:26:41.000,-72,-79,85,14,11.25,12.3,1111,0.0160,0.0000,4.7124,42.074255 -94.868048,26.7,270,0.8,-0.20,LAND,12,7.8,0,0,200,0
2024-09-15,14:26:42.000,-72,-78,85,14,11.26,12.0,1115,0.0120,0.0000,4.7124,42.074255 -94.868132,25.0,270,0.6,-0.20,LAND,12,7.8,0,0,200,0
2024-09-15,14:26:43.000,-71,-77,85,14,11.25,11.7,1118,0.0080,0.0000,4.7124,42.074255 -94.868211,23.3,270,0.4,-0.20,LAND,12,7.8,0,0,200,0
2024-09-15,14:26:44.000,-71,-76,85,14,11.23,11.3,1121,0.0040,0.0000,4.7124,42.074255 -94.868284,21.7,270,0.2,-0.20,LAND,12,7.8,0,0,200,0
2024-09-15,14:26:45.000,-71,-75,85,14,11.20,11.0,1124,0.0000,0.0000,4.7124,42.074255 -94.868351,20.0,270,0.0,-0.20,LAND,12,7.8,0,0,200,0
2024-09-15,14:26:46.000,-71,-74,85,14,11.16,10.8,1127,0.0000,0.0000,4.7124,42.074255 -94.868415,18.8,270,0.0,0.00,LAND,12,7.8,0,0,200,0
2024-09-15,14:26:47.000,-71,-74,85,14,11.14,10.5,1130,0.0000,0.0000,4.7124,42.074255 -94.868474,17.6,270,0.0,0.00,LAND,12,7.8,0,0,200,0
2024-09-15,14:26:48.000,-72,-74,85,14,11.13,10.3,1133,0.0000,0.0000,4.7124,42.074255 -94.868529,16.4,270,0.0,0.00,LAND,12,7.8,0,0,200,0
2024-09-15,14:26:49.000,-73,-74,85,14,11.13,10.0,1136,0.0000,0.0000,4.7124,42.074255 -94.868580,15.2,270,0.0,0.00,LAND,12,7.8,0,0,200,0
2024-09-15,14:26:50.000,-74,-75,85,14,11.15,9.8,1138,0.0000,0.0000,4.7124,42.074255 -94.868627,14.0,270,0.0,0.00,LAND,12,7.8,0,0,200,0
2024-09-15,14:26:51.000,-75,-76,85,14,11.17,9.6,1141,0.0000,0.0000,4.7124,42.074255 -94.868670,12.8,270,0.0,0.00,LAND,12,7.8,0,0,200,0
2024-09-15,14:26:52.000,-75,-77,85,14,11.19,9.3,1144,0.0000,0.0000,4.7124,42.074255 -94.868710,11.6,270,0.0,0.00,LAND,12,7.8,0,0,200,0
2024-09-15,14:26:53.000,-76,-79,85,14,11.19,9.1,1146,0.0000,0.0000,4.7124,42.074255 -94.868745,10.4,270,0.0,0.00,LAND,12,7.8,0,0,200,0
2024-09-15,14:26:54.000,-77,-79,85,14,11.18,8.8,1149,0.0000,0.0000,4.7124,42.074255 -94.868776,9.2,270,0.0,0.00,LAND,12,7.8,0,0,200,0
2024-09-15,14:26:55.000,-77,-80,85,14,11.15,8.6,1151,0.0000,0.0000,4.7124,42.074255 -94.868802,8.0,270,0.0,0.00,LAND,12,7.8,0,0,200,0
2024-09-15,14:26:56.000,-77,-80,85,14,11.11,8.4,1153,0.0000,0.0000,4.7124,42.074255 -94.868825,6.8,270,0.0,0.00,LAND,12,7.8,0,0,200,0
2024-09-15,14:26:57.000,-77,-80,85,14,11.08,8.1,1156,0.0000,0.0000,4.7124,42.074255 -94.868844,5.6,270,0.0,0.00,LAND,12,7.8,0,0,200,0
2024-09-15,14:26:58.000,-76,-79,85,14,11.06,7.9,1158,0.0000,0.0000,4.7124,42.074255 -94.868859,4.4,270,0.0,0.00,LAND,12,7.8,0,0,200,0
2024-09-15,14:26:59.000,-76,-78,85,14,11.06,7.6,1160,0.0000,0.0000,4.7124,42.074255 -94.868870,3.2,270,0.0,0.00,LAND,12,7.8,0,0,200,0
2024-09-15,14:27:00.000,-75,-77,85,14,11.08,7.4,1162,0.0000,0.0000,4.7124,42.074255 -94.868877,2.0,270,0.0,0.00,LAND,12,7.8,0,0,200,0
