Date,Time,1RSS(dB),2RSS(dB),RQly(%),RSNR(dB),RxBt(V),Curr(A),Capa(mAh),Ptch(rad),Roll(rad),Yaw(rad),GPS,GSpd(kmh),Hdg(°),Alt(m),VSpd(m/s),FM,Sats,TxBat(V),Rud,Ele,Thr,Ail
2024-09-15,21:23:00.000,-45,-51,100,14,12.60,7.0,2,0.0000,0.0000,0.0000,36.060000 -112.108300,0.0,0,0.0,0.00,MANU,12,7.8,0,0,-1024,0
2024-09-15,21:23:01.000,-46,-51,100,14,12.62,7.0,4,0.0000,0.0000,0.0000,36.060000 -112.108300,0.0,0,0.0,0.00,MANU,12,7.8,0,0,-1024,0
2024-09-15,21:23:02.000,-47,-50,100,14,12.64,7.0,6,0.0000,0.0000,0.0000,36.060000 -112.108300,0.0,0,0.0,0.00,MANU,12,7.8,0,0,-1024,0
2024-09-15,21:23:03.000,-47,-49,100,14,12.63,7.0,8,0.0000,0.0000,0.0000,36.060000 -112.108300,0.0,0,0.0,0.00,MANU,12,7.8,0,0,-1024,0
2024-09-15,21:23:04.000,-48,-48,100,14,12.61,7.0,10,0.0000,0.0000,0.0000,36.060000 -112.108300,0.0,0,0.0,0.00,MANU,12,7.8,0,0,-1024,0
2024-09-15,21:23:05.000,-48,-47,100,14,12.58,7.0,12,0.0000,0.0000,0.0000,36.060000 -112.108300,0.0,0,0.0,0.00,MANU,12,7.8,0,0,-1024,0
2024-09-15,21:23:06.000,-48,-46,100,14,12.54,7.0,14,0.0000,0.0000,0.0000,36.060000 -112.108300,0.0,0,0.0,0.00,MANU,12,7.8,0,0,-1024,0
2024-09-15,21:23:07.000,-48,-45,100,14,12.52,7.0,16,0.0000,0.0000,0.0000,36.060000 -112.108300,0.0,0,0.0,0.00,MANU,12,7.8,0,0,-1024,0
2024-09-15,21:23:08.000,-47,-45,100,14,12.50,7.0,18,0.0000,0.0000,0.0000,36.060000 -112.108300,0.0,0,0.0,0.00,MANU,12,7.8,0,0,200,0
2024-09-15,21:23:09.000,-47,-46,99,14,12.51,8.6,20,0.1822,0.0000,0.0000,36.060190 -112.108300,7.8,0,3.9,3.89,ANGL,12,7.8,0,0,200,0
2024-09-15,21:23:10.000,-46,-47,99,14,12.53,9.0,22,0.1822,0.0000,0.0000,36.060380 -112.108300,15.6,0,7.8,3.89,ANGL,12,7.8,0,0,200,0
2024-09-15,21:23:11.000,-46,-48,98,14,12.55,10.2,25,0.1822,0.0000,0.0000,36.060570 -112.108300,23.3,0,11.7,3.89,ANGL,12,7.8,0,0,200,0
2024-09-15,21:23:12.000,-45,-50,97,14,12.57,11.7,28,0.1822,0.0000,0.0000,36.060760 -112.108300,31.1,0,15.6,3.89,ANGL,12,7.8,0,0,200,0
2024-09-15,21:23:13.000,-45,-52,96,14,12.58,13.5,32,0.1822,0.0000,0.0000,36.060950 -112.108300,38.9,0,19.4,3.89,ANGL,12,7.8,0,0,200,0
2024-09-15,21:23:14.000,-45,-53,96,14,12.56,15.4,36,0.1822,0.0000,0.0000,36.061140 -112.108300,46.7,0,23.3,3.89,ANGL,12,7.8,0,0,200,0
2024-09-15,21:23:15.000,-45,-54,95,14,12.53,17.5,41,0.1822,0.0000,0.0000,36.061330 -112.108300,54.4,0,27.2,3.89,ANGL,12,7.8,0,0,200,0
2024-09-15,21:23:16.000,-45,-54,94,14,12.50,19.6,47,0.1822,0.0000,0.0000,36.061520 -112.108300,62.2,0,31.1,3.89,ANGL,12,7.8,0,0,200,0
2024-09-15,21:23:17.000,-46,-54,94,14,12.47,21.7,53,0.1822,0.0000,0.0000,36.061710 -112.108300,70.0,0,35.0,3.89,ANGL,12,7.8,0,0,200,0
2024-09-15,21:23:18.000,-47,-54,93,14,12.45,22.5,59,0.2013,0.0759,0.0000,36.061969 -112.108300,71.8,0,40.9,5.88,ANGL,12,7.8,0,0,200,0
2024-09-15,21:23:19.000,-48,-54,92,14,12.44,23.2,66,0.2013,0.0759,0.0000,36.062229 -112.108300,73.5,0,46.8,5.88,ANGL,12,7.8,0,0,200,0
2024-09-15,21:23:20.000,-50,-53,91,14,12.46,23.5,72,0.2013,0.0759,0.0000,36.062488 -112.108300,75.3,0,52.6,5.88,ANGL,12,7.8,0,0,200,0
2024-09-15,21:23:21.000,-51,-53,90,14,12.48,23.7,79,0.2013,0.0759,0.0000,36.062748 -112.108300,77.1,0,58.5,5.88,ANGL,12,7.8,0,0,200,0
2024-09-15,21:23:22.000,-53,-52,89,14,12.50,23.6,85,0.2013,0.0759,0.0000,36.063007 -112.108300,78.8,0,64.4,5.88,ANGL,12,7.8,0,0,200,0
2024-09-15,21:23:23.000,-54,-52,88,14,12.52,23.5,92,0.2013,0.0759,0.0000,36.063266 -112.108300,80.6,0,70.3,5.88,ANGL,12,7.8,0,0,200,0
2024-09-15,21:23:24.000,-55,-53,87,14,12.51,23.2,98,0.2013,0.0759,0.0000,36.063526 -112.108300,82.4,0,76.2,5.88,ANGL,12,7.8,0,0,200,0
2024-09-15,21:23:25.000,-56,-54,86,14,12.49,23.0,105,0.2013,0.0759,0.0000,36.063785 -112.108300,84.1,0,82.1,5.88,ANGL,12,7.8,0,0,200,0
2024-09-15,21:23:26.000,-57,-55,85,14,12.46,22.9,111,0.2013,0.0759,0.0000,36.064045 -112.108300,85.9,0,87.9,5.88,ANGL,12,7.8,0,0,200,0
2024-09-15,21:23:27.000,-57,-57,85,14,12.42,23.1,117,0.2013,0.0759,0.0000,36.064304 -112.108300,87.6,0,93.8,5.88,ANGL,12,7.8,0,0,200,0
2024-09-15,21:23:28.000,-58,-59,85,14,12.39,23.4,124,0.2013,0.0759,0.0000,36.064564 -112.108300,89.4,0,99.7,5.88,ANGL,12,7.8,0,0,200,0
2024-09-15,21:23:29.000,-58,-60,85,14,12.38,24.0,131,0.2013,0.0759,0.0000,36.064823 -112.108300,91.2,0,105.6,5.88,ANGL,12,7.8,0,0,200,0
2024-09-15,21:23:30.000,-58,-62,85,14,12.39,24.8,137,0.2013,0.0759,0.0000,36.065082 -112.108300,92.9,0,111.5,5.88,ANGL,12,7.8,0,0,200,0
2024-09-15,21:23:31.000,-57,-63,85,14,12.41,25.7,145,0.2013,0.0759,0.0000,36.065342 -112.108300,94.7,0,117.4,5.88,ANGL,12,7.8,0,0,200,0
2024-09-15,21:23:32.000,-57,-63,85,14,12.43,26.6,152,0.2013,0.0759,0.0000,36.065601 -112.108300,96.5,0,123.2,5.88,ANGL,12,7.8,0,0,200,0
2024-09-15,21:23:33.000,-57,-63,85,14,12.45,27.5,160,0.2013,0.0759,0.0000,36.065861 -112.108300,98.2,0,129.1,5.88,ANGL,12,7.8,0,0,200,0
2024-09-15,21:23:34.000,-57,-63,85,14,12.45,28.3,167,0.2013,0.0759,0.0000,36.066120 -112.108300,100.0,0,135.0,5.88,ANGL,12,7.8,0,0,200,0
2024-09-15,21:23:35.000,-57,-63,85,14,12.44,28.6,175,0.0330,0.0759,0.1326,36.066404 -112.108253,100.6,8,136.1,1.05,CRUZ,12,7.8,0,0,200,0
2024-09-15,21:23:36.000,-57,-62,85,14,12.41,28.7,183,0.0330,0.0759,0.1326,36.066688 -112.108206,101.3,8,137.1,1.05,CRUZ,12,7.8,0,0,200,0
2024-09-15,21:23:37.000,-58,-62,85,14,12.38,28.6,191,0.0330,0.0759,0.1326,36.066973 -112.108159,101.9,8,138.2,1.05,CRUZ,12,7.8,0,0,200,0
2024-09-15,21:23:38.000,-58,-62,85,14,12.35,28.2,199,0.0330,0.0759,0.1326,36.067257 -112.108112,102.5,8,139.2,1.05,CRUZ,12,7.8,0,0,200,0
2024-09-15,21:23:39.000,-59,-62,85,14,12.33,27.8,207,0.0330,0.0759,0.1326,36.067541 -112.108066,103.2,8,140.3,1.05,CRUZ,12,7.8,0,0,200,0
2024-09-15,21:23:40.000,-61,-63,85,14,12.32,27.3,214,0.0330,0.0759,0.1326,36.067825 -112.108019,103.8,8,141.3,1.05,CRUZ,12,7.8,0,0,200,0
2024-09-15,21:23:41.000,-62,-64,85,14,12.34,26.9,222,0.0330,0.0759,0.1326,36.068109 -112.107972,104.4,8,142.4,1.05,CRUZ,12,7.8,0,0,200,0
2024-09-15,21:23:42.000,-64,-65,85,14,12.36,26.7,229,0.0330,0.0759,0.1326,36.068394 -112.107925,105.1,8,143.4,1.05,CRUZ,12,7.8,0,0,200,0
2024-09-15,21:23:43.000,-65,-67,85,14,12.38,26.6,237,0.0330,0.0759,0.1326,36.068678 -112.107878,105.7,8,144.5,1.05,CRUZ,12,7.8,0,0,200,0
2024-09-15,21:23:44.000,-67,-69,85,14,12.39,26.8,244,0.0330,0.0759,0.1326,36.068962 -112.107831,106.3,8,145.5,1.05,CRUZ,12,7.8,0,0,200,0
2024-09-15,21:23:45.000,-68,-71,85,14,12.39,27.3,252,0.0330,0.0759,0.1326,36.069246 -112.107784,106.9,8,146.6,1.05,CRUZ,12,7.8,0,0,200,0
2024-09-15,21:23:46.000,-69,-72,85,14,12.37,27.9,260,0.0330,0.0759,0.1326,36.069531 -112.107737,107.6,8,147.6,1.05,CRUZ,12,7.8,0,0,200,0
2024-09-15,21:23:47.000,-70,-73,85,14,12.33,28.6,267,0.0330,0.0759,0.1326,36.069815 -112.107691,108.2,8,148.7,1.05,CRUZ,12,7.8,0,0,200,0
2024-09-15,21:23:48.000,-70,-73,85,14,12.30,29.3,276,0.0330,0.0759,0.1326,36.070099 -112.107644,108.8,8,149.7,1.05,CRUZ,12,7.8,0,0,200,0
2024-09-15,21:23:49.000,-71,-73,85,14,12.27,29.9,284,0.0330,0.0759,0.1326,36.070383 -112.107597,109.5,8,150.8,1.05,CRUZ,12,7.8,0,0,200,0
2024-09-15,21:23:50.000,-71,-73,85,14,12.26,30.4,292,0.0330,0.0759,0.1326,36.070667 -112.107550,110.1,8,151.8,1.05,CRUZ,12,7.8,0,0,200,0
2024-09-15,21:23:51.000,-71,-72,85,14,12.27,30.6,301,0.0330,0.0759,0.1326,36.070952 -112.107503,110.7,8,152.9,1.05,CRUZ,12,7.8,0,0,200,0
2024-09-15,21:23:52.000,-70,-72,85,14,12.29,30.7,309,0.0330,0.0759,0.1326,36.071236 -112.107456,111.4,8,153.9,1.05,CRUZ,12,7.8,0,0,200,0
2024-09-15,21:23:53.000,-70,-72,85,14,12.31,30.5,318,0.0330,0.0759,0.1326,36.071520 -112.107409,112.0,8,155.0,1.05,CRUZ,12,7.8,0,0,200,0
2024-09-15,21:23:54.000,-70,-72,85,14,12.33,30.1,326,-0.1907,0.0472,0.2650,36.071835 -112.107304,112.6,15,148.0,-7.00,CRUZ,12,7.8,0,0,200,0
2024-09-15,21:23:55.000,-70,-72,85,14,12.33,29.6,334,-0.1907,0.0472,0.2650,36.072150 -112.107198,113.2,15,141.0,-7.00,CRUZ,12,7.8,0,0,200,0
2024-09-15,21:23:56.000,-70,-73,85,14,12.32,29.2,343,-0.1907,0.0472,0.2650,36.072465 -112.107092,113.8,15,134.0,-7.00,CRUZ,12,7.8,0,0,200,0
2024-09-15,21:23:57.000,-71,-74,85,14,12.29,28.8,351,-0.1907,0.0472,0.2650,36.072780 -112.106986,114.4,15,127.0,-7.00,CRUZ,12,7.8,0,0,200,0
2024-09-15,21:23:58.000,-71,-76,85,14,12.25,28.6,358,-0.1907,0.0472,0.2650,36.073095 -112.106881,115.0,15,120.0,-7.00,CRUZ,12,7.8,0,0,200,0
2024-09-15,21:23:59.000,-72,-78,85,14,12.22,28.6,366,-0.1907,0.0472,0.2650,36.073410 -112.106775,115.6,15,113.0,-7.00,CRUZ,12,7.8,0,0,200,0
2024-09-15,21:24:00.000,-73,-80,85,14,12.21,28.9,374,-0.1907,0.0472,0.2650,36.073725 -112.106669,116.2,15,106.0,-7.00,CRUZ,12,7.8,0,0,200,0
2024-09-15,21:24:01.000,-75,-82,85,14,12.20,29.4,383,-0.1907,0.0472,0.2650,36.074040 -112.106563,116.8,15,99.0,-7.00,CRUZ,12,7.8,0,0,200,0
2024-09-15,21:24:02.000,-76,-83,85,14,12.22,30.0,391,-0.1907,0.0472,0.2650,36.074355 -112.106457,117.4,15,92.0,-7.00,CRUZ,12,7.8,0,0,200,0
2024-09-15,21:24:03.000,-78,-84,85,14,12.24,30.7,399,-0.1907,0.0472,0.2650,36.074670 -112.106352,118.0,15,85.0,-7.00,CRUZ,12,7.8,0,0,200,0
2024-09-15,21:24:04.000,-80,-84,85,14,12.26,31.4,408,-0.1907,0.0472,0.2650,36.074985 -112.106246,118.6,15,78.0,-7.00,CRUZ,12,7.8,0,0,200,0
2024-09-15,21:24:05.000,-81,-84,85,14,12.27,32.0,417,-0.1907,0.0472,0.2650,36.075300 -112.106140,119.2,15,71.0,-7.00,CRUZ,12,7.8,0,0,200,0
2024-09-15,21:24:06.000,-82,-84,85,14,12.27,32.4,426,-0.1907,0.0472,0.2650,36.075615 -112.106034,119.8,15,64.0,-7.00,CRUZ,12,7.8,0,0,200,0
2024-09-15,21:24:07.000,-84,-83,85,14,12.24,32.6,435,-0.1907,0.0472,0.2650,36.075930 -112.105929,120.4,15,57.0,-7.00,CRUZ,12,7.8,0,0,200,0
2024-09-15,21:24:08.000,-84,-83,85,14,12.21,32.5,444,-0.1907,0.0472,0.2650,36.076245 -112.105823,121.0,15,50.0,-7.00,CRUZ,12,7.8,0,0,200,0
2024-09-15,21:24:09.000,-85,-83,85,14,12.18,32.3,453,-0.1907,0.0472,0.2650,36.076560 -112.105717,121.6,15,43.0,-7.00,CRUZ,12,7.8,0,0,200,0
2024-09-15,21:24:10.000,-85,-83,85,14,12.15,31.8,462,-0.1907,0.0472,0.2650,36.076875 -112.105611,122.2,15,36.0,-7.00,CRUZ,12,7.8,0,0,200,0
2024-09-15,21:24:11.000,-85,-84,85,14,12.14,31.4,471,-0.1907,0.0472,0.2650,36.077190 -112.105506,122.8,15,29.0,-7.00,CRUZ,12,7.8,0,0,200,0
2024-09-15,21:24:12.000,-85,-85,85,14,12.15,30.9,479,-0.1907,0.0472,0.2650,36.077505 -112.105400,123.4,15,22.0,-7.00,CRUZ,12,7.8,0,0,200,0
2024-09-15,21:24:13.000,-85,-86,85,14,12.17,30.6,488,-0.1907,0.0472,0.2650,36.077820 -112.105294,124.0,15,15.0,-7.00,CRUZ,12,7.8,0,0,200,0
2024-09-15,21:24:14.000,-85,-88,85,14,12.19,31.9,497,-0.3851,-0.3266,0.3474,36.078081 -112.105177,124.5,20,2.5,-12.50,CRUZ,12,7.8,0,0,200,0
2024-09-15,21:24:15.000,-85,-90,85,14,12.21,30.5,505,-0.3851,-0.3266,0.3474,36.078342 -112.105060,125.0,20,-10.0,-12.50,CRUZ,12,7.8,0,0,200,0
2024-09-15,21:24:16.000,-85,-91,85,14,12.21,30.8,514,-0.3851,-0.3266,0.3474,36.078603 -112.104943,125.5,20,-22.5,-12.50,CRUZ,12,7.8,0,0,200,0
2024-09-15,21:24:17.000,-85,-93,85,14,12.20,31.3,522,-0.3851,-0.3266,0.3474,36.078864 -112.104826,126.0,20,-35.0,-12.50,CRUZ,12,7.8,0,0,200,0
2024-09-15,21:24:18.000,-85,-94,85,14,12.17,32.0,531,-0.3851,-0.3266,0.3474,36.079125 -112.104710,126.5,20,-47.5,-12.50,CRUZ,12,7.8,0,0,200,0
2024-09-15,21:24:19.000,-86,-95,85,14,12.13,32.7,540,-0.3851,-0.3266,0.3474,36.079386 -112.104593,127.0,20,-60.0,-12.50,CRUZ,12,7.8,0,0,200,0
2024-09-15,21:24:20.000,-86,-95,85,14,12.10,33.3,550,-0.3851,-0.3266,0.3474,36.079647 -112.104476,127.5,20,-72.5,-12.50,CRUZ,12,7.8,0,0,200,0
2024-09-15,21:24:21.000,-88,-94,85,14,12.08,33.8,559,-0.3851,-0.3266,0.3474,36.079908 -112.104359,128.0,20,-85.0,-12.50,CRUZ,12,7.8,0,0,200,0
2024-09-15,21:24:22.000,-89,-94,85,14,12.08,34.2,568,-0.3851,-0.3266,0.3474,36.080169 -112.104242,128.5,20,-97.5,-12.50,CRUZ,12,7.8,0,0,200,0
2024-09-15,21:24:23.000,-90,-93,85,14,12.10,34.3,578,-0.3851,-0.3266,0.3474,36.080430 -112.104125,129.0,20,-110.0,-12.50,CRUZ,12,7.8,0,0,200,0
2024-09-15,21:24:24.000,-92,-93,85,14,12.12,34.1,587,-0.3851,-0.3266,0.3474,36.080691 -112.104008,129.5,20,-122.5,-12.50,CRUZ,12,7.8,0,0,200,0
2024-09-15,21:24:25.000,-93,-93,85,14,12.15,33.8,597,-0.3851,-0.3266,0.3474,36.080952 -112.103891,130.0,20,-135.0,-12.50,CRUZ,12,7.8,0,0,200,0
2024-09-15,21:24:26.000,-95,-93,85,14,12.15,33.3,606,-0.3851,-0.3266,0.3474,36.081213 -112.103774,130.5,20,-147.5,-12.50,CRUZ,12,7.8,0,0,200,0
2024-09-15,21:24:27.000,-96,-94,85,14,12.15,32.8,615,-0.3851,-0.3266,0.3474,36.081474 -112.103657,131.0,20,-160.0,-12.50,CRUZ,12,7.8,0,0,200,0
2024-09-15,21:24:28.000,-97,-95,85,14,12.12,32.4,624,-0.3851,-0.3266,0.3474,36.081735 -112.103541,131.5,20,-172.5,-12.50,CRUZ,12,7.8,0,0,200,0
2024-09-15,21:24:29.000,-98,-96,85,14,12.09,32.1,633,-0.3851,-0.3266,0.3474,36.081996 -112.103424,132.0,20,-185.0,-12.50,CRUZ,12,7.8,0,0,200,0
2024-09-15,21:24:30.000,-98,-98,85,14,12.05,32.0,642,-0.3851,-0.3266,0.3474,36.082257 -112.103307,132.5,20,-197.5,-12.50,CRUZ,12,7.8,0,0,200,0
2024-09-15,21:24:31.000,-98,-100,85,14,12.03,32.2,651,-0.3851,-0.3266,0.3474,36.082518 -112.103190,133.0,20,-210.0,-12.50,CRUZ,12,7.8,0,0,200,0
2024-09-15,21:24:32.000,-98,-101,85,14,12.02,32.5,660,-0.3851,-0.3266,0.3474,36.082779 -112.103073,133.5,20,-222.5,-12.50,CRUZ,12,7.8,0,0,200,0
2024-09-15,21:24:33.000,-98,-103,85,14,12.03,33.1,669,-0.3851,-0.3266,0.3474,36.083040 -112.102956,134.0,20,-235.0,-12.50,CRUZ,12,7.8,0,0,200,0
2024-09-15,21:24:34.000,-98,-104,85,14,12.05,33.6,679,-0.2521,-0.6000,6.0605,36.083305 -112.103030,133.9,347,-242.8,-7.78,CRUZ,12,7.8,0,0,200,0
2024-09-15,21:24:35.000,-98,-104,85,14,12.08,34.2,688,-0.2521,-0.6000,6.0605,36.083570 -112.103105,133.9,347,-250.6,-7.78,CRUZ,12,7.8,0,0,200,0
2024-09-15,21:24:36.000,-97,-104,85,14,12.09,34.7,698,-0.2521,-0.6000,6.0605,36.083835 -112.103179,133.8,347,-258.3,-7.78,CRUZ,12,7.8,0,0,200,0
2024-09-15,21:24:37.000,-97,-104,85,14,12.09,35.1,707,-0.2521,-0.6000,6.0605,36.084100 -112.103253,133.8,347,-266.1,-7.78,CRUZ,12,7.8,0,0,200,0
2024-09-15,21:24:38.000,-97,-103,85,14,12.08,35.2,717,-0.2521,-0.6000,6.0605,36.084365 -112.103327,133.7,347,-273.9,-7.78,CRUZ,12,7.8,0,0,200,0
2024-09-15,21:24:39.000,-97,-102,85,14,12.05,35.2,727,-0.2521,-0.6000,6.0605,36.084630 -112.103401,133.7,347,-281.7,-7.78,CRUZ,12,7.8,0,0,200,0
2024-09-15,21:24:40.000,-98,-102,85,14,12.01,34.8,737,-0.2521,-0.6000,6.0605,36.084895 -112.103476,133.6,347,-289.4,-7.78,CRUZ,12,7.8,0,0,200,0
2024-09-15,21:24:41.000,-99,-102,85,14,11.98,34.4,746,-0.2521,-0.6000,6.0605,36.085160 -112.103550,133.6,347,-297.2,-7.78,CRUZ,12,7.8,0,0,200,0
2024-09-15,21:24:42.000,-100,-102,85,14,11.96,33.8,756,-0.2521,-0.6000,6.0605,36.085425 -112.103624,133.5,347,-305.0,-7.78,CRUZ,12,7.8,0,0,200,0
2024-09-15,21:24:43.000,-101,-103,85,14,11.97,33.2,765,-0.2521,-0.6000,6.0605,36.085690 -112.103698,133.4,347,-312.8,-7.78,CRUZ,12,7.8,0,0,200,0
2024-09-15,21:24:44.000,-103,-104,85,14,11.98,32.6,774,-0.2521,-0.6000,6.0605,36.085955 -112.103773,133.4,347,-320.6,-7.78,CRUZ,12,7.8,0,0,200,0
2024-09-15,21:24:45.000,-104,-106,85,14,12.00,32.3,783,-0.2521,-0.6000,6.0605,36.086220 -112.103847,133.3,347,-328.3,-7.78,CRUZ,12,7.8,0,0,200,0
2024-09-15,21:24:46.000,-106,-107,85,14,12.03,32.2,792,-0.2521,-0.6000,6.0605,36.086485 -112.103921,133.3,347,-336.1,-7.78,CRUZ,12,7.8,0,0,200,0
2024-09-15,21:24:47.000,-107,-109,85,14,12.03,32.3,801,-0.2521,-0.6000,6.0605,36.086750 -112.103995,133.2,347,-343.9,-7.78,CRUZ,12,7.8,0,0,200,0
2024-09-15,21:24:48.000,-108,-111,85,14,12.03,32.6,810,-0.2521,-0.6000,6.0605,36.087015 -112.104069,133.2,347,-351.7,-7.78,CRUZ,12,7.8,0,0,200,0
2024-09-15,21:24:49.000,-109,-112,85,14,12.00,33.1,819,-0.2521,-0.6000,6.0605,36.087280 -112.104144,133.1,347,-359.4,-7.78,CRUZ,12,7.8,0,0,200,0
2024-09-15,21:24:50.000,-110,-113,85,14,11.97,33.6,828,-0.2521,-0.6000,6.0605,36.087545 -112.104218,133.1,347,-367.2,-7.78,CRUZ,12,7.8,0,0,200,0
2024-09-15,21:24:51.000,-110,-113,85,14,11.93,34.2,838,-0.2521,-0.6000,6.0605,36.087810 -112.104292,133.0,347,-375.0,-7.78,CRUZ,12,7.8,0,0,200,0
2024-09-15,21:24:52.000,-110,-112,85,14,11.91,34.6,847,-0.0320,-0.3641,4.8407,36.087850 -112.104676,132.4,277,-376.1,-1.11,CRUZ,12,7.8,0,0,200,0
2024-09-15,21:24:53.000,-109,-111,85,14,11.90,34.8,857,-0.0320,-0.3641,4.8407,36.087890 -112.105059,131.9,277,-377.2,-1.11,CRUZ,12,7.8,0,0,200,0
2024-09-15,21:24:54.000,-108,-110,85,14,11.91,34.8,867,-0.0320,-0.3641,4.8407,36.087930 -112.105443,131.3,277,-378.3,-1.11,CRUZ,12,7.8,0,0,200,0
2024-09-15,21:24:55.000,-107,-109,85,14,11.93,34.5,876,-0.0320,-0.3641,4.8407,36.087970 -112.105826,130.8,277,-379.4,-1.11,CRUZ,12,7.8,0,0,200,0
2024-09-15,21:24:56.000,-107,-108,85,14,11.96,34.0,886,-0.0320,-0.3641,4.8407,36.088010 -112.106209,130.2,277,-380.6,-1.11,CRUZ,12,7.8,0,0,200,0
2024-09-15,21:24:57.000,-106,-108,85,14,11.97,33.4,895,-0.0320,-0.3641,4.8407,36.088050 -112.106593,129.7,277,-381.7,-1.11,CRUZ,12,7.8,0,0,200,0
2024-09-15,21:24:58.000,-105,-107,85,14,11.97,32.7,904,-0.0320,-0.3641,4.8407,36.088090 -112.106976,129.1,277,-382.8,-1.11,CRUZ,12,7.8,0,0,200,0
2024-09-15,21:24:59.000,-105,-108,85,14,11.95,32.0,913,-0.0320,-0.3641,4.8407,36.088130 -112.107360,128.6,277,-383.9,-1.11,CRUZ,12,7.8,0,0,200,0
2024-09-15,21:25:00.000,-105,-109,85,14,11.92,31.4,922,-0.0320,-0.3641,4.8407,36.088170 -112.107743,128.0,277,-385.0,-1.11,CRUZ,12,7.8,0,0,200,0
2024-09-15,21:25:01.000,-105,-110,85,14,11.89,31.1,930,-0.0320,-0.3641,4.8407,36.088210 -112.108127,127.4,277,-386.1,-1.11,CRUZ,12,7.8,0,0,200,0
2024-09-15,21:25:02.000,-105,-111,85,14,11.86,30.9,939,-0.0320,-0.3641,4.8407,36.088250 -112.108510,126.9,277,-387.2,-1.11,CRUZ,12,7.8,0,0,200,0
2024-09-15,21:25:03.000,-106,-112,85,14,11.84,31.0,948,-0.0320,-0.3641,4.8407,36.088290 -112.108894,126.3,277,-388.3,-1.11,CRUZ,12,7.8,0,0,200,0
2024-09-15,21:25:04.000,-107,-113,85,14,11.85,31.2,956,-0.0320,-0.3641,4.8407,36.088330 -112.109277,125.8,277,-389.4,-1.11,CRUZ,12,7.8,0,0,200,0
2024-09-15,21:25:05.000,-107,-114,85,14,11.86,31.7,965,-0.0320,-0.3641,4.8407,36.088370 -112.109661,125.2,277,-390.6,-1.11,CRUZ,12,7.8,0,0,200,0
2024-09-15,21:25:06.000,-109,-114,85,14,11.89,32.1,974,-0.0320,-0.3641,4.8407,36.088410 -112.110044,124.7,277,-391.7,-1.11,CRUZ,12,7.8,0,0,200,0
2024-09-15,21:25:07.000,-110,-114,85,14,11.91,32.6,983,-0.0320,-0.3641,4.8407,36.088450 -112.110428,124.1,277,-392.8,-1.11,CRUZ,12,7.8,0,0,200,0
2024-09-15,21:25:08.000,-110,-113,85,14,11.91,32.9,992,-0.0320,-0.3641,4.8407,36.088490 -112.110811,123.6,277,-393.9,-1.11,CRUZ,12,7.8,0,0,200,0
2024-09-15,21:25:09.000,-111,-112,85,14,11.90,33.1,1001,-0.0320,-0.3641,4.8407,36.088530 -112.111195,123.0,277,-395.0,-1.11,CRUZ,12,7.8,0,0,200,0
2024-09-15,21:25:10.000,-111,-111,85,14,11.88,33.0,1011,0.0899,-0.3860,4.2053,36.088355 -112.111584,122.8,241,-391.4,3.61,CRUZ,12,7.8,0,0,200,0
2024-09-15,21:25:11.000,-111,-109,85,14,11.84,32.8,1020,0.0899,-0.3860,4.2053,36.088180 -112.111974,122.6,241,-387.8,3.61,CRUZ,12,7.8,0,0,200,0
2024-09-15,21:25:12.000,-110,-108,85,14,11.81,32.3,1029,0.0899,-0.3860,4.2053,36.088005 -112.112364,122.3,241,-384.2,3.61,CRUZ,12,7.8,0,0,200,0
2024-09-15,21:25:13.000,-110,-107,85,14,11.79,31.7,1037,0.0899,-0.3860,4.2053,36.087830 -112.112753,122.1,241,-380.6,3.61,CRUZ,12,7.8,0,0,200,0
2024-09-15,21:25:14.000,-109,-107,85,14,11.78,31.1,1046,0.0899,-0.3860,4.2053,36.087655 -112.113143,121.9,241,-376.9,3.61,CRUZ,12,7.8,0,0,200,0
2024-09-15,21:25:15.000,-108,-107,85,14,11.79,30.5,1055,0.0899,-0.3860,4.2053,36.087480 -112.113533,121.7,241,-373.3,3.61,CRUZ,12,7.8,0,0,200,0
2024-09-15,21:25:16.000,-107,-108,85,14,11.81,30.0,1063,0.0899,-0.3860,4.2053,36.087305 -112.113922,121.4,241,-369.7,3.61,CRUZ,12,7.8,0,0,200,0
2024-09-15,21:25:17.000,-105,-109,85,14,11.84,29.8,1071,0.0899,-0.3860,4.2053,36.087130 -112.114312,121.2,241,-366.1,3.61,CRUZ,12,7.8,0,0,200,0
2024-09-15,21:25:18.000,-104,-110,85,14,11.85,29.7,1079,0.0899,-0.3860,4.2053,36.086955 -112.114702,121.0,241,-362.5,3.61,CRUZ,12,7.8,0,0,200,0
2024-09-15,21:25:19.000,-103,-110,85,14,11.85,29.9,1088,0.0899,-0.3860,4.2053,36.086780 -112.115091,120.8,241,-358.9,3.61,CRUZ,12,7.8,0,0,200,0
2024-09-15,21:25:20.000,-103,-111,85,14,11.83,30.3,1096,0.0899,-0.3860,4.2053,36.086605 -112.115481,120.6,241,-355.3,3.61,CRUZ,12,7.8,0,0,200,0
2024-09-15,21:25:21.000,-102,-111,85,14,11.80,30.8,1105,0.0899,-0.3860,4.2053,36.086430 -112.115871,120.3,241,-351.7,3.61,CRUZ,12,7.8,0,0,200,0
2024-09-15,21:25:22.000,-102,-111,85,14,11.77,31.4,1113,0.0899,-0.3860,4.2053,36.086255 -112.116260,120.1,241,-348.1,3.61,CRUZ,12,7.8,0,0,200,0
2024-09-15,21:25:23.000,-102,-110,85,14,11.74,31.9,1122,0.0899,-0.3860,4.2053,36.086080 -112.116650,119.9,241,-344.4,3.61,CRUZ,12,7.8,0,0,200,0
2024-09-15,21:25:24.000,-103,-109,85,14,11.72,32.2,1131,0.0899,-0.3860,4.2053,36.085905 -112.117039,119.7,241,-340.8,3.61,CRUZ,12,7.8,0,0,200,0
2024-09-15,21:25:25.000,-103,-108,85,14,11.73,32.4,1140,0.0899,-0.3860,4.2053,36.085730 -112.117429,119.4,241,-337.2,3.61,CRUZ,12,7.8,0,0,200,0
2024-09-15,21:25:26.000,-104,-106,85,14,11.74,32.3,1149,0.0899,-0.3860,4.2053,36.085555 -112.117819,119.2,241,-333.6,3.61,CRUZ,12,7.8,0,0,200,0
2024-09-15,21:25:27.000,-104,-105,85,14,11.77,32.0,1158,0.0899,-0.3860,4.2053,36.085380 -112.118208,119.0,241,-330.0,3.61,CRUZ,12,7.8,0,0,200,0
2024-09-15,21:25:28.000,-105,-104,85,14,11.79,31.4,1167,0.2362,-0.3838,3.5315,36.085052 -112.118375,118.7,202,-320.5,9.50,CRUZ,12,7.8,0,0,200,0
2024-09-15,21:25:29.000,-105,-103,85,14,11.79,30.8,1175,0.2362,-0.3838,3.5315,36.084723 -112.118542,118.4,202,-311.0,9.50,CRUZ,12,7.8,0,0,200,0
2024-09-15,21:25:30.000,-105,-102,85,14,11.78,30.2,1184,0.2362,-0.3838,3.5315,36.084395 -112.118709,118.1,202,-301.5,9.50,CRUZ,12,7.8,0,0,200,0
2024-09-15,21:25:31.000,-105,-102,85,14,11.76,29.6,1192,0.2362,-0.3838,3.5315,36.084066 -112.118876,117.8,202,-292.0,9.50,CRUZ,12,7.8,0,0,200,0
2024-09-15,21:25:32.000,-104,-103,85,14,11.72,29.2,1200,0.2362,-0.3838,3.5315,36.083738 -112.119043,117.5,202,-282.5,9.50,CRUZ,12,7.8,0,0,200,0
2024-09-15,21:25:33.000,-103,-103,85,14,11.69,28.9,1208,0.2362,-0.3838,3.5315,36.083409 -112.119210,117.2,202,-273.0,9.50,CRUZ,12,7.8,0,0,200,0
2024-09-15,21:25:34.000,-102,-104,85,14,11.67,29.0,1216,0.2362,-0.3838,3.5315,36.083081 -112.119377,116.9,202,-263.5,9.50,CRUZ,12,7.8,0,0,200,0
2024-09-15,21:25:35.000,-101,-104,85,14,11.66,29.2,1224,0.2362,-0.3838,3.5315,36.082752 -112.119544,116.6,202,-254.0,9.50,CRUZ,12,7.8,0,0,200,0
2024-09-15,21:25:36.000,-100,-105,85,14,11.67,29.6,1232,0.2362,-0.3838,3.5315,36.082424 -112.119711,116.3,202,-244.5,9.50,CRUZ,12,7.8,0,0,200,0
2024-09-15,21:25:37.000,-98,-104,85,14,11.70,30.2,1241,0.2362,-0.3838,3.5315,36.082095 -112.119878,116.0,202,-235.0,9.50,CRUZ,12,7.8,0,0,200,0
2024-09-15,21:25:38.000,-97,-104,85,14,11.72,30.7,1249,0.2362,-0.3838,3.5315,36.081767 -112.120045,115.7,202,-225.5,9.50,CRUZ,12,7.8,0,0,200,0
2024-09-15,21:25:39.000,-96,-102,85,14,11.73,31.1,1258,0.2362,-0.3838,3.5315,36.081438 -112.120212,115.4,202,-216.0,9.50,CRUZ,12,7.8,0,0,200,0
2024-09-15,21:25:40.000,-94,-101,85,14,11.73,31.4,1267,0.2362,-0.3838,3.5315,36.081110 -112.120379,115.1,202,-206.5,9.50,CRUZ,12,7.8,0,0,200,0
2024-09-15,21:25:41.000,-93,-99,85,14,11.71,31.5,1276,0.2362,-0.3838,3.5315,36.080781 -112.120546,114.8,202,-197.0,9.50,CRUZ,12,7.8,0,0,200,0
2024-09-15,21:25:42.000,-93,-97,85,14,11.68,31.3,1284,0.2362,-0.3838,3.5315,36.080453 -112.120713,114.5,202,-187.5,9.50,CRUZ,12,7.8,0,0,200,0
2024-09-15,21:25:43.000,-92,-96,85,14,11.64,30.9,1293,0.2362,-0.3838,3.5315,36.080124 -112.120880,114.2,202,-178.0,9.50,CRUZ,12,7.8,0,0,200,0
2024-09-15,21:25:44.000,-92,-95,85,14,11.62,30.3,1301,0.2362,-0.3838,3.5315,36.079796 -112.121047,113.9,202,-168.5,9.50,CRUZ,12,7.8,0,0,200,0
2024-09-15,21:25:45.000,-92,-94,85,14,11.60,29.7,1309,0.2362,-0.3838,3.5315,36.079467 -112.121214,113.6,202,-159.0,9.50,CRUZ,12,7.8,0,0,200,0
2024-09-15,21:25:46.000,-92,-94,85,14,11.61,29.0,1318,0.2362,-0.3838,3.5315,36.079139 -112.121381,113.3,202,-149.5,9.50,CRUZ,12,7.8,0,0,200,0
2024-09-15,21:25:47.000,-93,-94,85,14,11.62,28.5,1325,0.2362,-0.3838,3.5315,36.078810 -112.121548,113.0,202,-140.0,9.50,CRUZ,12,7.8,0,0,200,0
2024-09-15,21:25:48.000,-93,-94,85,14,11.65,28.1,1333,0.2528,-0.1895,2.8616,36.078450 -112.121420,112.7,164,-129.3,10.75,CRUZ,12,7.8,0,0,200,0
2024-09-15,21:25:49.000,-93,-95,85,14,11.67,28.0,1341,0.2528,-0.1895,2.8616,36.078090 -112.121292,112.4,164,-118.5,10.75,CRUZ,12,7.8,0,0,200,0
2024-09-15,21:25:50.000,-93,-95,85,14,11.67,28.1,1349,0.2528,-0.1895,2.8616,36.077730 -112.121164,112.1,164,-107.8,10.75,CRUZ,12,7.8,0,0,200,0
2024-09-15,21:25:51.000,-92,-95,85,14,11.66,28.4,1357,0.2528,-0.1895,2.8616,36.077370 -112.121036,111.8,164,-97.0,10.75,CRUZ,12,7.8,0,0,200,0
2024-09-15,21:25:52.000,-92,-95,85,14,11.63,28.8,1365,0.2528,-0.1895,2.8616,36.077010 -112.120908,111.5,164,-86.3,10.75,CRUZ,12,7.8,0,0,200,0
2024-09-15,21:25:53.000,-91,-94,85,14,11.60,29.4,1373,0.2528,-0.1895,2.8616,36.076650 -112.120780,111.2,164,-75.5,10.75,CRUZ,12,7.8,0,0,200,0
2024-09-15,21:25:54.000,-90,-93,85,14,11.57,29.9,1381,0.2528,-0.1895,2.8616,36.076290 -112.120652,110.9,164,-64.8,10.75,CRUZ,12,7.8,0,0,200,0
2024-09-15,21:25:55.000,-89,-92,85,14,11.55,30.3,1390,0.2528,-0.1895,2.8616,36.075930 -112.120524,110.6,164,-54.0,10.75,CRUZ,12,7.8,0,0,200,0
2024-09-15,21:25:56.000,-88,-90,85,14,11.54,30.5,1398,0.2528,-0.1895,2.8616,36.075570 -112.120396,110.3,164,-43.3,10.75,CRUZ,12,7.8,0,0,200,0
2024-09-15,21:25:57.000,-86,-88,85,14,11.55,30.5,1407,0.2528,-0.1895,2.8616,36.075210 -112.120268,110.0,164,-32.5,10.75,CRUZ,12,7.8,0,0,200,0
2024-09-15,21:25:58.000,-84,-86,85,14,11.58,30.2,1415,0.2528,-0.1895,2.8616,36.074850 -112.120140,109.7,164,-21.7,10.75,CRUZ,12,7.8,0,0,200,0
2024-09-15,21:25:59.000,-83,-84,85,14,11.60,29.8,1423,0.2528,-0.1895,2.8616,36.074490 -112.120012,109.4,164,-11.0,10.75,CRUZ,12,7.8,0,0,200,0
2024-09-15,21:26:00.000,-81,-83,85,14,11.61,28.8,1431,0.2528,-0.1895,2.8616,36.074130 -112.119884,109.1,164,-0.3,10.75,CRUZ,12,7.8,0,0,200,0
2024-09-15,21:26:01.000,-80,-82,85,14,11.61,28.5,1439,0.2528,-0.1895,2.8616,36.073770 -112.119756,108.8,164,10.5,10.75,CRUZ,12,7.8,0,0,200,0
2024-09-15,21:26:02.000,-78,-82,85,14,11.59,27.9,1447,0.2528,-0.1895,2.8616,36.073410 -112.119628,108.5,164,21.3,10.75,CRUZ,12,7.8,0,0,200,0
2024-09-15,21:26:03.000,-77,-82,85,14,11.56,27.4,1454,0.2528,-0.1895,2.8616,36.073050 -112.119500,108.2,164,32.0,10.75,CRUZ,12,7.8,0,0,200,0
2024-09-15,21:26:04.000,-77,-82,85,14,11.52,27.1,1462,0.2528,-0.1895,2.8616,36.072690 -112.119372,107.9,164,42.8,10.75,CRUZ,12,7.8,0,0,200,0
2024-09-15,21:26:05.000,-76,-82,85,14,11.49,27.0,1470,0.2528,-0.1895,2.8616,36.072330 -112.119244,107.6,164,53.5,10.75,CRUZ,12,7.8,0,0,200,0
2024-09-15,21:26:06.000,-76,-83,85,14,11.48,27.2,1477,0.2528,-0.1895,2.8616,36.071970 -112.119116,107.3,164,64.3,10.75,CRUZ,12,7.8,0,0,200,0
2024-09-15,21:26:07.000,-76,-83,85,14,11.49,27.6,1485,0.2528,-0.1895,2.8616,36.071610 -112.118988,107.0,164,75.0,10.75,CRUZ,12,7.8,0,0,200,0
2024-09-15,21:26:08.000,-76,-82,85,14,11.50,28.0,1493,0.0682,-0.1134,2.5309,36.071273 -112.118696,106.6,145,78.1,3.13,CRUZ,12,7.8,0,0,200,0
2024-09-15,21:26:09.000,-76,-81,85,14,11.53,28.5,1500,0.0682,-0.1134,2.5309,36.070935 -112.118403,106.1,145,81.3,3.13,CRUZ,12,7.8,0,0,200,0
2024-09-15,21:26:10.000,-76,-80,85,14,11.55,29.0,1509,0.0682,-0.1134,2.5309,36.070598 -112.118111,105.7,145,84.4,3.13,CRUZ,12,7.8,0,0,200,0
2024-09-15,21:26:11.000,-76,-78,85,14,11.55,29.3,1517,0.0682,-0.1134,2.5309,36.070260 -112.117819,105.3,145,87.5,3.13,CRUZ,12,7.8,0,0,200,0
2024-09-15,21:26:12.000,-75,-76,85,14,11.54,29.4,1525,0.0682,-0.1134,2.5309,36.069923 -112.117527,104.8,145,90.6,3.13,CRUZ,12,7.8,0,0,200,0
2024-09-15,21:26:13.000,-75,-74,85,14,11.51,29.3,1533,0.0682,-0.1134,2.5309,36.069585 -112.117234,104.4,145,93.8,3.13,CRUZ,12,7.8,0,0,200,0
2024-09-15,21:26:14.000,-74,-72,85,14,11.48,29.0,1541,0.0682,-0.1134,2.5309,36.069248 -112.116942,103.9,145,96.9,3.13,CRUZ,12,7.8,0,0,200,0
2024-09-15,21:26:15.000,-73,-70,85,14,11.44,28.5,1549,0.0682,-0.1134,2.5309,36.068910 -112.116650,103.5,145,100.0,3.13,CRUZ,12,7.8,0,0,200,0
2024-09-15,21:26:16.000,-71,-69,85,14,11.42,27.8,1557,0.0682,-0.1134,2.5309,36.068573 -112.116358,103.1,145,103.1,3.13,CRUZ,12,7.8,0,0,200,0
2024-09-15,21:26:17.000,-70,-68,85,14,11.42,27.1,1564,0.0682,-0.1134,2.5309,36.068235 -112.116065,102.6,145,106.3,3.13,CRUZ,12,7.8,0,0,200,0
2024-09-15,21:26:18.000,-68,-68,85,14,11.43,26.5,1572,0.0682,-0.1134,2.5309,36.067898 -112.115773,102.2,145,109.4,3.13,CRUZ,12,7.8,0,0,200,0
2024-09-15,21:26:19.000,-66,-68,85,14,11.46,26.0,1579,0.0682,-0.1134,2.5309,36.067560 -112.115481,101.8,145,112.5,3.13,CRUZ,12,7.8,0,0,200,0
2024-09-15,21:26:20.000,-64,-68,85,14,11.48,25.8,1586,0.0682,-0.1134,2.5309,36.067223 -112.115189,101.3,145,115.6,3.13,CRUZ,12,7.8,0,0,200,0
2024-09-15,21:26:21.000,-63,-68,85,14,11.49,25.7,1593,0.0682,-0.1134,2.5309,36.066885 -112.114896,100.9,145,118.8,3.13,CRUZ,12,7.8,0,0,200,0
2024-09-15,21:26:22.000,-61,-68,85,14,11.49,25.9,1600,0.0682,-0.1134,2.5309,36.066548 -112.114604,100.4,145,121.9,3.13,CRUZ,12,7.8,0,0,200,0
2024-09-15,21:26:23.000,-60,-68,85,14,11.47,26.3,1608,0.0682,-0.1134,2.5309,36.066210 -112.114312,100.0,145,125.0,3.13,CRUZ,12,7.8,0,0,200,0
2024-09-15,21:26:24.000,-59,-68,85,14,11.43,26.7,1615,-0.0869,-0.1392,2.3329,36.065940 -112.113962,99.0,134,121.2,-3.79,CRUZ,12,7.8,0,0,200,0
2024-09-15,21:26:25.000,-58,-67,85,14,11.40,27.1,1623,-0.0869,-0.1392,2.3329,36.065670 -112.113612,98.0,134,117.4,-3.79,CRUZ,12,7.8,0,0,200,0
2024-09-15,21:26:26.000,-57,-65,85,14,11.37,27.4,1630,-0.0869,-0.1392,2.3329,36.065400 -112.113262,97.0,134,113.6,-3.79,CRUZ,12,7.8,0,0,200,0
2024-09-15,21:26:27.000,-57,-63,85,14,11.36,27.5,1638,-0.0869,-0.1392,2.3329,36.065130 -112.112912,96.0,134,109.9,-3.79,CRUZ,12,7.8,0,0,200,0
2024-09-15,21:26:28.000,-57,-61,85,14,11.37,27.5,1645,-0.0869,-0.1392,2.3329,36.064860 -112.112562,95.0,134,106.1,-3.79,CRUZ,12,7.8,0,0,200,0
2024-09-15,21:26:29.000,-57,-59,85,14,11.39,27.2,1653,-0.0869,-0.1392,2.3329,36.064590 -112.112212,94.0,134,102.3,-3.79,CRUZ,12,7.8,0,0,200,0
2024-09-15,21:26:30.000,-57,-57,85,14,11.41,26.7,1660,-0.0869,-0.1392,2.3329,36.064320 -112.111863,93.0,134,98.5,-3.79,CRUZ,12,7.8,0,0,200,0
2024-09-15,21:26:31.000,-57,-56,85,14,11.43,26.0,1668,-0.0869,-0.1392,2.3329,36.064050 -112.111513,92.0,134,94.7,-3.79,CRUZ,12,7.8,0,0,200,0
2024-09-15,21:26:32.000,-57,-55,85,14,11.43,25.2,1675,-0.0869,-0.1392,2.3329,36.063780 -112.111163,91.0,134,90.9,-3.79,CRUZ,12,7.8,0,0,200,0
2024-09-15,21:26:33.000,-57,-54,85,14,11.42,24.4,1681,-0.0869,-0.1392,2.3329,36.063510 -112.110813,90.0,134,87.1,-3.79,CRUZ,12,7.8,0,0,200,0
2024-09-15,21:26:34.000,-56,-54,86,14,11.39,23.7,1688,-0.0869,-0.1392,2.3329,36.063240 -112.110463,89.0,134,83.4,-3.79,CRUZ,12,7.8,0,0,200,0
2024-09-15,21:26:35.000,-55,-54,88,14,11.35,23.2,1695,-0.0869,-0.1392,2.3329,36.062970 -112.110113,88.0,134,79.6,-3.79,CRUZ,12,7.8,0,0,200,0
2024-09-15,21:26:36.000,-54,-55,89,14,11.32,22.9,1701,-0.0869,-0.1392,2.3329,36.062700 -112.109763,87.0,134,75.8,-3.79,CRUZ,12,7.8,0,0,200,0
2024-09-15,21:26:37.000,-53,-55,90,14,11.30,22.8,1707,-0.0869,-0.1392,2.3329,36.062430 -112.109413,86.0,134,72.0,-3.79,CRUZ,12,7.8,0,0,200,0
2024-09-15,21:26:38.000,-52,-55,91,14,11.30,22.8,1714,-0.0989,0.6000,2.0899,36.062280 -112.109089,84.2,120,68.7,-3.33,ANGL,12,7.8,0,0,200,0
2024-09-15,21:26:39.000,-51,-56,92,14,11.32,22.9,1720,-0.0989,0.6000,2.0899,36.062130 -112.108764,82.3,120,65.3,-3.33,ANGL,12,7.8,0,0,200,0
2024-09-15,21:26:40.000,-49,-55,93,14,11.34,23.2,1726,-0.0989,0.6000,2.0899,36.061980 -112.108439,80.5,120,62.0,-3.33,ANGL,12,7.8,0,0,200,0
2024-09-15,21:26:41.000,-48,-55,93,14,11.36,23.4,1733,-0.0989,0.6000,2.0899,36.061830 -112.108114,78.7,120,58.7,-3.33,ANGL,12,7.8,0,0,200,0
2024-09-15,21:26:42.000,-47,-54,94,14,11.37,23.5,1739,-0.0989,0.6000,2.0899,36.061680 -112.107790,76.8,120,55.3,-3.33,ANGL,12,7.8,0,0,200,0
2024-09-15,21:26:43.000,-46,-53,94,14,11.37,23.4,1746,-0.0989,0.6000,2.0899,36.061530 -112.107465,75.0,120,52.0,-3.33,ANGL,12,7.8,0,0,200,0
2024-09-15,21:26:44.000,-46,-52,94,14,11.34,23.1,1752,-0.0989,0.6000,2.0899,36.061380 -112.107140,73.2,120,48.7,-3.33,ANGL,12,7.8,0,0,200,0
2024-09-15,21:26:45.000,-46,-50,94,14,11.31,22.6,1759,-0.0989,0.6000,2.0899,36.061230 -112.106816,71.3,120,45.3,-3.33,ANGL,12,7.8,0,0,200,0
2024-09-15,21:26:46.000,-46,-50,93,14,11.28,21.9,1765,-0.0989,0.6000,2.0899,36.061080 -112.106491,69.5,120,42.0,-3.33,ANGL,12,7.8,0,0,200,0
2024-09-15,21:26:47.000,-47,-49,93,14,11.25,21.0,1770,-0.0989,0.6000,2.0899,36.060930 -112.106166,67.7,120,38.7,-3.33,ANGL,12,7.8,0,0,200,0
2024-09-15,21:26:48.000,-48,-50,92,14,11.24,20.0,1776,-0.0989,0.6000,2.0899,36.060780 -112.105841,65.8,120,35.3,-3.33,ANGL,12,7.8,0,0,200,0
2024-09-15,21:26:49.000,-49,-51,91,14,11.25,19.1,1781,-0.0989,0.6000,2.0899,36.060630 -112.105517,64.0,120,32.0,-3.33,ANGL,12,7.8,0,0,200,0
2024-09-15,21:26:50.000,-50,-51,92,14,11.27,18.3,1786,-0.1388,0.1291,4.3875,36.060589 -112.105668,62.4,251,30.0,-2.00,ANGL,12,7.8,0,0,200,0
2024-09-15,21:26:51.000,-50,-52,92,14,11.29,17.7,1791,-0.1388,0.1291,4.3875,36.060548 -112.105819,60.9,251,28.0,-2.00,ANGL,12,7.8,0,0,200,0
2024-09-15,21:26:52.000,-51,-53,93,14,11.31,17.4,1796,-0.1388,0.1291,4.3875,36.060507 -112.105970,59.3,251,26.0,-2.00,ANGL,12,7.8,0,0,200,0
2024-09-15,21:26:53.000,-51,-54,93,14,11.31,17.2,1801,-0.1388,0.1291,4.3875,36.060465 -112.106121,57.7,251,24.0,-2.00,ANGL,12,7.8,0,0,200,0
2024-09-15,21:26:54.000,-51,-54,94,14,11.30,17.3,1806,-0.1388,0.1291,4.3875,36.060424 -112.106272,56.1,251,22.0,-2.00,ANGL,12,7.8,0,0,200,0
2024-09-15,21:26:55.000,-51,-54,94,14,11.27,17.5,1811,-0.1388,0.1291,4.3875,36.060383 -112.106423,54.6,251,20.0,-2.00,ANGL,12,7.8,0,0,200,0
2024-09-15,21:26:56.000,-51,-54,95,14,11.23,17.8,1816,-0.1388,0.1291,4.3875,36.060342 -112.106574,53.0,251,18.0,-2.00,ANGL,12,7.8,0,0,200,0
2024-09-15,21:26:57.000,-51,-53,95,14,11.20,18.1,1821,-0.1388,0.1291,4.3875,36.060301 -112.106725,51.4,251,16.0,-2.00,ANGL,12,7.8,0,0,200,0
2024-09-15,21:26:58.000,-50,-52,96,14,11.18,18.2,1826,-0.1388,0.1291,4.3875,36.060260 -112.106877,49.9,251,14.0,-2.00,ANGL,12,7.8,0,0,200,0
2024-09-15,21:26:59.000,-49,-51,96,14,11.18,18.1,1831,-0.1388,0.1291,4.3875,36.060219 -112.107028,48.3,251,12.0,-2.00,ANGL,12,7.8,0,0,200,0
2024-09-15,21:27:00.000,-48,-50,97,14,11.20,17.8,1836,-0.1388,0.1291,4.3875,36.060177 -112.107179,46.7,251,10.0,-2.00,ANGL,12,7.8,0,0,200,0
2024-09-15,21:27:01.000,-47,-48,97,14,11.22,17.3,1840,-0.1388,0.1291,4.3875,36.060136 -112.107330,45.1,251,8.0,-2.00,ANGL,12,7.8,0,0,200,0
2024-09-15,21:27:02.000,-45,-47,98,14,11.24,16.5,1845,-0.1388,0.1291,4.3875,36.060095 -112.107481,43.6,251,6.0,-2.00,ANGL,12,7.8,0,0,200,0
2024-09-15,21:27:03.000,-44,-46,98,14,11.25,15.4,1849,-0.1388,0.1291,4.3875,36.060054 -112.107632,42.0,251,4.0,-2.00,ANGL,12,7.8,0,0,200,0
2024-09-15,21:27:04.000,-44,-46,98,14,11.25,14.8,1853,-0.0662,0.0571,4.6127,36.060047 -112.107716,39.3,264,3.5,-0.50,LAND,12,7.8,0,0,200,0
2024-09-15,21:27:05.000,-43,-46,98,14,11.22,14.3,1857,-0.0662,0.0571,4.6127,36.060041 -112.107799,36.5,264,3.0,-0.50,LAND,12,7.8,0,0,200,0
2024-09-15,21:27:06.000,-43,-47,99,14,11.19,13.8,1861,-0.0662,0.0571,4.6127,36.060034 -112.107883,33.8,264,2.5,-0.50,LAND,12,7.8,0,0,200,0
2024-09-15,21:27:07.000,-43,-48,99,14,11.15,13.2,1865,-0.0662,0.0571,4.6127,36.060027 -112.107966,31.0,264,2.0,-0.50,LAND,12,7.8,0,0,200,0
2024-09-15,21:27:08.000,-43,-49,99,14,11.13,12.7,1868,-0.0662,0.0571,4.6127,36.060020 -112.108050,28.3,264,1.5,-0.50,LAND,12,7.8,0,0,200,0
2024-09-15,21:27:09.000,-43,-50,99,14,11.12,12.1,1872,-0.0662,0.0571,4.6127,36.060014 -112.108133,25.5,264,1.0,-0.50,LAND,12,7.8,0,0,200,0
2024-09-15,21:27:10.000,-44,-51,100,14,11.13,11.6,1875,-0.0662,0.0571,4.6127,36.060007 -112.108217,22.8,264,0.5,-0.50,LAND,12,7.8,0,0,200,0
2024-09-15,21:27:11.000,-45,-51,100,14,11.15,11.0,1878,-0.0662,0.0571,4.6127,36.060000 -112.108300,20.0,264,0.0,-0.50,LAND,12,7.8,0,0,200,0
2024-09-15,21:27:12.000,-46,-51,100,14,11.17,10.6,1881,0.0000,0.0000,4.7124,36.060000 -112.108333,18.0,270,0.0,0.00,LAND,12,7.8,0,0,200,0
2024-09-15,21:27:13.000,-47,-50,100,14,11.19,10.2,1884,0.0000,0.0000,4.7124,36.060000 -112.108367,16.0,270,0.0,0.00,LAND,12,7.8,0,0,200,0
2024-09-15,21:27:14.000,-47,-50,100,14,11.19,9.8,1887,0.0000,0.0000,4.7124,36.060000 -112.108400,14.0,270,0.0,0.00,LAND,12,7.8,0,0,200,0
2024-09-15,21:27:15.000,-48,-49,100,14,11.17,9.4,1889,0.0000,0.0000,4.7124,36.060000 -112.108434,12.0,270,0.0,0.00,LAND,12,7.8,0,0,200,0
2024-09-15,21:27:16.000,-48,-47,100,14,11.15,9.0,1892,0.0000,0.0000,4.7124,36.060000 -112.108467,10.0,270,0.0,0.00,LAND,12,7.8,0,0,200,0
2024-09-15,21:27:17.000,-48,-46,99,14,11.11,8.6,1894,0.0000,0.0000,4.7124,36.060000 -112.108500,8.0,270,0.0,0.00,LAND,12,7.8,0,0,200,0
2024-09-15,21:27:18.000,-48,-46,99,14,11.08,8.2,1896,0.0000,0.0000,4.7124,36.060000 -112.108534,6.0,270,0.0,0.00,LAND,12,7.8,0,0,200,0
2024-09-15,21:27:19.000,-48,-45,99,14,11.06,7.8,1898,0.0000,0.0000,4.7124,36.060000 -112.108567,4.0,270,0.0,0.00,LAND,12,7.8,0,0,200,0
2024-09-15,21:27:20.000,-47,-46,99,14,11.06,7.4,1901,0.0000,0.0000,4.7124,36.060000 -112.108601,2.0,270,0.0,0.00,LAND,12,7.8,0,0,200,0
2024-09-15,21:27:21.000,-46,-46,99,14,11.08,7.0,1902,0.0000,0.0000,4.7124,36.060000 -112.108634,0.0,270,0.0,0.00,LAND,12,7.8,0,0,200,0
